Workbook

Sheet Horas
A1: Parte 2026-2027 | B1: 0.33333333 | C1: 0.29166667
B2: Mayo - 25 | C2: Junio - 25 | D2: Julio - 25 | E2: Agosto 25 | F2: Septiembre - 25 | G2: Octubre - 25 | H2: Noviembre - 25 | I2: Diciembre -25 | J2: Enero - 26 | K2: Febrero - 26 | L2: Marzo - 26 | M2: Abril - 26 | N2: Mayo - 26 | O2: Vacaciones
A3: Días | B3: =B13+C13 -> 4 | C3: =B14+C14 -> 22 | D3: =B15+C15 -> 23 | E3: =B16+C16 -> 21 | F3: =B17+C17 -> 22 | G3: =B18+C18 -> 21 | H3: =B19+C19 -> 19 | I3: =B20+C20 -> 18 | J3: =B21+C21 -> 19 | K3: =B22+C22 -> 20 | L3: =B23+C23 -> 20 | M3: =B24+C24 -> 22 | N3: =B25+C25 -> 17 | O3: 23 | P3: =O3*B1 -> 7.6666667
A4: Días Vacaciones 8h | B4: ='Mayo 26'!C53 -> 0 | C4: =Junio!C53 -> 0 | D4: 0 | E4: 0 | F4: =Septiembre!C53 -> 0 | G4: =Octubre!C53 -> 0 | H4: =Noviembre!C53 -> 0 | I4: =Diciembre!C53 -> 0 | J4: =Enero!C53 -> 0 | K4: =Febrero!C53 -> 0 | L4: =Marzo!C53 -> 0 | M4: =Abril!C53 -> 0 | N4: =Mayo!C53 -> 0 | O4: =SUM(B4:N4) -> 0
A5: Días Vacaciones 7h | B5: 0 | C5: =Junio!C54 -> 0 | D5: =Julio!C53 -> 1 | E5: =Agosto!C53 -> 12 | F5: =Septiembre!C54 -> 0 | G5: 0 | H5: 0 | I5: 0 | J5: 0 | K5: 0 | L5: 0 | M5: 0 | N5: 0 | O5: =SUM(B5:N5) -> 13 | P5: =SUM(O4:O5,P4) -> 13
A6: Horas Vacaciones | B6: =B4*$B1+B5*$C1 -> 0 | C6: =C4*$B1+C5*$C1 -> 0 | D6: =D4*$B1+D5*$C1 -> 0.29166667 | E6: =E4*$B1+E5*$C1 -> 3.5 | F6: =F4*$B1+F5*$C1 -> 0 | G6: =G4*$B1+G5*$C1 -> 0 | H6: =H4*$B1+H5*$C1 -> 0 | I6: =I4*$B1+I5*$C1 -> 0 | ... N6: =N4*$B1+N5*$C1 -> 0 | O6: =SUM(B6:N6) -> 3.7916667
A7: Horas Mes | B7: =B3*B1 -> 1.3333333 | C7: =B14*$B1+C14*$C1 -> 6.8333333 | D7: =D3*$C1 -> 6.7083333 | E7: =E3*$C1 -> 6.125 | F7: =B17*$B1+C17*$C1 -> 6.875 | G7: =G3*$B1 -> 7 | H7: =H3*$B1 -> 6.3333333 | I7: =I3*$B1 -> 6 | J7: =J3*$B1 -> 6.3333333 | K7: =K3*$B1 -> 6.6666667 | L7: =L3*$B1 -> 6.6666667 | M7: =M3*$B1 -> 7.3333333 | N7: =N3*$B1 -> 5.6666667 | O7: =SUM(B7:N7) -> 79.875 | P7: =O7-Q8 -> 6.5416667 | Q7: =P7-O6 -> 2.75
A8: Horas Realizadas | B8: ='Mayo 26'!$C$47 -> 1.3958333 | C8: =Junio!$C$47 -> 6.9166667 | D8: =Julio!$C$47 -> 6.6256944 | E8: =Agosto!$C$47 -> 2.65625 | F8: =Septiembre!$C$47 -> 6.8972222 | G8: =Octubre!$C$47 -> 7.0208333 | H8: =Noviembre!$C$47 -> 6.3541667 | I8: =Diciembre!$C$47 -> 6.0208333 | J8: =Enero!$C$47 -> 6.3541667 | K8: =Febrero!$C$47 -> 6.6875 | L8: =Marzo!$C$47 -> 6.6979167 | M8: =Abril!$C$47 -> 7.3541667 | N8: =Mayo!$C$47 -> 5.71875 | O8: =SUM(B8:N8) -> 76.7 | P8: =O8-Q8 -> 3.3666667 | Q8: 73.333333
A9: Horas Sobrantes | B9: =IF(B8+B6>=B7,B8+B6-B7,B7-B6-B8) -> 0.0625 | C9: =IF(C8+C6>=C7,C8+C6-C7,C7-C6-C8) -> 0.083333333 | D9: =IF(D8+D6>=D7,D8+D6-D7,D7-D6-D8) -> 0.20902778 | E9: =E8+E6-E7 -> 0.03125 | F9: =IF(F8+F6>=F7,F8+F6-F7,F7-F6-F8) -> 0.022222222 | G9: =IF(G8+G6>=G7,G8+G6-G7,G7-G6-G8) -> 0.020833333 | H9: =IF(H8+H6>=H7,H8+H6-H7,H7-H6-H8) -> 0.020833333 | I9: =IF(I8+I6>=I7,I8+I6-I7,I7-I6-I8) -> 0.020833333 | J9: =IF(J8+J6>=J7,J8+J6-J7,J7-J6-J8) -> 0.020833333 | K9: =IF(K8+K6>=K7,K8+K6-K7,K7-K6-K8) -> 0.020833333 | L9: =IF(L8+L6>=L7,L8+L6-L7,L7-L6-L8) -> 0.03125 | M9: =IF(M8+M6>=M7,M8+M6-M7,M7-M6-M8) -> 0.020833333 | N9: =IF(N8+N6>=N7,N8+N6-N7,N7-N6-N8) -> 0.052083333 | P9: =10*8 -> 80
B12: Días 8h | C12: Días 7h | D12: Horas
A13: Mayo | B13: 4 | C13: 0 | D13: =B13*B1 -> 1.3333333
A14: Junio | B14: 10 | C14: 12 | D14: =B14*B1+C14*C1 -> 6.8333333
A15: Julio | B15: 0 | C15: 23 | D15: =C15*C1 -> 6.7083333
A16: Agosto | B16: 0 | C16: 21 | D16: =C16*C1 -> 6.125
A17: Septiembre | B17: 11 | C17: 11 | D17: =B17*B1+C17*C1 -> 6.875
A18: Octubre | B18: 21 | C18: 0 | D18: =B18*B1 -> 7
A19: Noviembre | B19: 19 | C19: 0 | D19: =B19*$B$1 -> 6.3333333
A20: Diciembre | B20: 18 | C20: 0 | D20: =B20*$B$1 -> 6
A21: Enero | B21: 19 | C21: 0 | D21: =B21*$B$1 -> 6.3333333
A22: Febrero | B22: 20 | C22: 0 | D22: =B22*$B$1 -> 6.6666667
A23: Marzo | B23: 20 | C23: 0 | D23: =B23*$B$1 -> 6.6666667
A24: Abril | B24: 22 | C24: 0 | D24: =B24*$B$1 -> 7.3333333
A25: Mayo | B25: 17 | C25: 0 | D25: =B25*$B$1 -> 5.6666667
B26: =SUM(B13:B25,C13:C25) -> 248 | C26: TOTAL | D26: =SUM(D13:D25) -> 79.875
C27: Sobrante | D27: =D26-Q8 -> 6.5416667
C28: Vacaciones (23) | D28: =23*B1 -> 7.6666667 | E28: =12*C1+11*B1 -> 7.1666667
C29: Recuperar | D29: =D28-D27 -> 1.125 | E29: =E28-D27 -> 0.625
B32: 33.5 | C32: 166 | D32: 159 | E32: 63.75 | F32: 165.5 | G32: 168.5 | H32: 152.5 | I32: 144.5 | J32: 152.5 | K32: 160.5 | L32: 160.75 | M32: 176.5 | N32: 137.25 | O32: =SUM(B32:N32) -> 1840.75
O33: =O32-1760 -> 80.75

Sheet Mayo 26
A1: Empresa: | B1: IZERTIS | E1: Tiempo min comida | F1: 0.020833333 | I1: Dias Mes: | J1: 4
A2: Nombre: | E2: Tiempo desayuno | F2: 0.013888889 | I2: Horas / Día: | J2: 0.33333333
A3: Mes: | B3: 46143 | E3: % R.Domic. | F3: 50 | I3: Días R.Dom: | J3: 8
N4: Teletrabajo tardes MIXTO
A5: Día | B5: ENTRADA | C5: Salida Desay | D5: Entrada Desay | E5: Salida Comida | F5: Entrada Comida | G5: Hora Salida | H5: Hora Entrada | I5: SALIDA | J5: Total Comida | K5: Total Desayuno | L5: Total Día | M5: Ubic | N5: Entrada Comida | O5: SALIDA | T5: =C46 -> 1.3333333 | V5: JIRA | W5: Día | Y5: CONTROL TELETRABAJO | AC5: IZERTIA | AD5: IZERTIA/JIRA
Q6: 1 | Y6: OFICINA | Z6: CASA | AA6: MIXTA T. | AB6: Total
P7: =MROUND(L7,"0:15") -> 0 | Q7: =VALUE(MID(TEXT(L7,"hh:mm:ss"),4,2)+Q6)-IF(ABS((MID(TEXT(L7,"hh:mm:ss"),4,2)+Q6)-FLOOR((MID(TEXT(L7,"hh:mm:ss"),4,2)+Q6),15))>ABS((MID(TEXT(L7,"hh:mm:ss"),4,2)+Q6)-CEILING((MID(TEXT(L7,"hh:mm:ss"),4,2)+Q6),15)),CEILING((MID(TEXT(L7,"hh:mm:ss"),4,2)+Q6),15),FLOOR((MID(TEXT(L7,"hh:mm:ss"),4,2)+Q6),15)) -> 1 | T7: =T5-L7 -> 1.3333333 | V7: 0 | Y7: =IF(O7="O",V7 - AA7,"0:00:00") -> 0:00:00 | Z7: =IF(M7="C",P7,"0:00:00") -> 0:00:00 | AA7: =IF(P7="M",Q7-P7,"0:00:00") -> 0:00:00 | AB7: =SUM(Y7:Z7) -> 0 | AC7: 0
P8: =MROUND(L8,"0:15") -> 0 | Q8: =VALUE(MID(TEXT(L8,"hh:mm:ss"),4,2)+Q7)-IF(ABS((MID(TEXT(L8,"hh:mm:ss"),4,2)+Q7)-FLOOR((MID(TEXT(L8,"hh:mm:ss"),4,2)+Q7),15))>ABS((MID(TEXT(L8,"hh:mm:ss"),4,2)+Q7)-CEILING((MID(TEXT(L8,"hh:mm:ss"),4,2)+Q7),15)),CEILING((MID(TEXT(L8,"hh:mm:ss"),4,2)+Q7),15),FLOOR((MID(TEXT(L8,"hh:mm:ss"),4,2)+Q7),15)) -> 1 | T8: =T7-L8 -> 1.3333333 | V8: 0 | Y8: =IF(M8="O",P8 - AA8,"0:00:00") -> 0:00:00 | Z8: =IF(M8="C",P8,"0:00:00") -> 0:00:00 | AA8: 0 | AB8: =SUM(Y8:Z8) -> 0 | AC8: 0
M9: O | P9: =MROUND(L9,"0:15") -> 0 | Q9: =VALUE(MID(TEXT(L9,"hh:mm:ss"),4,2)+Q8)-IF(ABS((MID(TEXT(L9,"hh:mm:ss"),4,2)+Q8)-FLOOR((MID(TEXT(L9,"hh:mm:ss"),4,2)+Q8),15))>ABS((MID(TEXT(L9,"hh:mm:ss"),4,2)+Q8)-CEILING((MID(TEXT(L9,"hh:mm:ss"),4,2)+Q8),15)),CEILING((MID(TEXT(L9,"hh:mm:ss"),4,2)+Q8),15),FLOOR((MID(TEXT(L9,"hh:mm:ss"),4,2)+Q8),15)) -> 1 | T9: =T8-L9 -> 1.3333333 | V9: 0 | Y9: =IF(M9="O",P9 - AA9,"0:00:00") -> 0 | Z9: =IF(M9="C",P9,"0:00:00") -> 0:00:00 | AA9: =IF(P9="M",Q9-P9,"0:00:00") -> 0:00:00 | AB9: =SUM(Y9:Z9) -> 0 | AC9: 0 | AD9: =V9=AC9 -> TRUE
M10: O | P10: =MROUND(L10,"0:15") -> 0 | Q10: =VALUE(MID(TEXT(L10,"hh:mm:ss"),4,2)+Q9)-IF(ABS((MID(TEXT(L10,"hh:mm:ss"),4,2)+Q9)-FLOOR((MID(TEXT(L10,"hh:mm:ss"),4,2)+Q9),15))>ABS((MID(TEXT(L10,"hh:mm:ss"),4,2)+Q9)-CEILING((MID(TEXT(L10,"hh:mm:ss"),4,2)+Q9),15)),CEILING((MID(TEXT(L10,"hh:mm:ss"),4,2)+Q9),15),FLOOR((MID(TEXT(L10,"hh:mm:ss"),4,2)+Q9),15)) -> 1 | T10: =T9-L10 -> 1.3333333 | V10: 0.45833333 | Y10: =IF(M10="O",P10 - AA10,"0:00:00") -> 0 | Z10: =IF(M10="C",P10,"0:00:00") -> 0:00:00 | AA10: =IF(P10="M",Q10-P10,"0:00:00") -> 0:00:00 | AB10: =SUM(Y10:Z10) -> 0 | AC10: 0.45833333 | AD10: =V10=AC10 -> TRUE
A11: 46143 | J11: 0 | K11: =IF((D11-C11)<=$F$2,0,(D11-C11)-$F$2) -> 0 | L11: =(I11-B11)-K11-(H11-G11)-J11 -> 0 | M11: O | P11: =MROUND(L11,"0:15") -> 0 | Q11: =VALUE(MID(TEXT(L11,"hh:mm:ss"),4,2)+Q10)-IF(ABS((MID(TEXT(L11,"hh:mm:ss"),4,2)+Q10)-FLOOR((MID(TEXT(L11,"hh:mm:ss"),4,2)+Q10),15))>ABS((MID(TEXT(L11,"hh:mm:ss"),4,2)+Q10)-CEILING((MID(TEXT(L11,"hh:mm:ss"),4,2)+Q10),15)),CEILING((MID(TEXT(L11,"hh:mm:ss"),4,2)+Q10),15),FLOOR((MID(TEXT(L11,"hh:mm:ss"),4,2)+Q10),15)) -> 1 | T11: =T10-L11 -> 1.3333333 | V11: 0.29166667 | W11: 45261 | Y11: =IF(M11="O",P11 - AA11,"0:00:00") -> 0 | Z11: =IF(M11="C",P11,"0:00:00") -> 0:00:00 | AA11: =IF(P11="M",Q11-P11,"0:00:00") -> 0:00:00 | AB11: =SUM(Y11:Z11) -> 0 | AC11: 0.29166667 | AD11: =V11=AC11 -> TRUE
A12: Semana 1 | L12: =SUM(L7:L11) -> 0 | P12: =SUM(P7:P11) -> 0 | W12: Semana 1
Q13: =Q11 -> 1
A14: 46146 | J14: 0 | K14: =IF((D14-C14)<=$F$2,0,(D14-C14)-$F$2) -> 0 | L14: =(I14-B14)-K14-(H14-G14)-J14 -> 0 | M14: O | P14: =MROUND(L14,"0:15") -> 0 | Q14: =VALUE(MID(TEXT(L14,"hh:mm:ss"),4,2)+Q13)-IF(ABS((MID(TEXT(L14,"hh:mm:ss"),4,2)+Q13)-FLOOR((MID(TEXT(L14,"hh:mm:ss"),4,2)+Q13),15))>ABS((MID(TEXT(L14,"hh:mm:ss"),4,2)+Q13)-CEILING((MID(TEXT(L14,"hh:mm:ss"),4,2)+Q13),15)),CEILING((MID(TEXT(L14,"hh:mm:ss"),4,2)+Q13),15),FLOOR((MID(TEXT(L14,"hh:mm:ss"),4,2)+Q13),15)) -> 1 | T14: =T11-L14 -> 1.3333333 | V14: 0.30208333 | W14: 45264 | Y14: =IF(M14="O",P14 - AA14,"0:00:00") -> 0 | Z14: =IF(M14="C",P14,"0:00:00") -> 0:00:00 | AA14: =IF(P14="M",Q14-P14,"0:00:00") -> 0:00:00 | AB14: =SUM(Y14:Z14) -> 0 | AC14: 0.30208333 | AD14: =V14=AC14 -> TRUE
A15: 46147 | J15: 0 | K15: =IF((D15-C15)<=$F$2,0,(D15-C15)-$F$2) -> 0 | L15: =(I15-B15)-K15-(H15-G15)-J15 -> 0 | M15: C | P15: =MROUND(L15,"0:15") -> 0 | Q15: =VALUE(MID(TEXT(L15,"hh:mm:ss"),4,2)+Q14)-IF(ABS((MID(TEXT(L15,"hh:mm:ss"),4,2)+Q14)-FLOOR((MID(TEXT(L15,"hh:mm:ss"),4,2)+Q14),15))>ABS((MID(TEXT(L15,"hh:mm:ss"),4,2)+Q14)-CEILING((MID(TEXT(L15,"hh:mm:ss"),4,2)+Q14),15)),CEILING((MID(TEXT(L15,"hh:mm:ss"),4,2)+Q14),15),FLOOR((MID(TEXT(L15,"hh:mm:ss"),4,2)+Q14),15)) -> 1 | T15: =T14-L15 -> 1.3333333 | V15: 0.25 | W15: 45265 | Y15: =IF(M15="O",P15 - AA15,"0:00:00") -> 0:00:00 | Z15: =IF(M15="C",P15,"0:00:00") -> 0 | AA15: =IF(P15="M",Q15-P15,"0:00:00") -> 0:00:00 | AB15: =SUM(Y15:Z15) -> 0 | AC15: 0.25 | AD15: =V15=AC15 -> TRUE
A16: 46148 | J16: 0 | K16: =IF((D16-C16)<=$F$2,0,(D16-C16)-$F$2) -> 0 | L16: =(I16-B16)-K16-(H16-G16)-J16 -> 0 | M16: O | P16: =MROUND(L16,"0:15") -> 0 | Q16: =VALUE(MID(TEXT(L16,"hh:mm:ss"),4,2)+Q15)-IF(ABS((MID(TEXT(L16,"hh:mm:ss"),4,2)+Q15)-FLOOR((MID(TEXT(L16,"hh:mm:ss"),4,2)+Q15),15))>ABS((MID(TEXT(L16,"hh:mm:ss"),4,2)+Q15)-CEILING((MID(TEXT(L16,"hh:mm:ss"),4,2)+Q15),15)),CEILING((MID(TEXT(L16,"hh:mm:ss"),4,2)+Q15),15),FLOOR((MID(TEXT(L16,"hh:mm:ss"),4,2)+Q15),15)) -> 1 | T16: =T15-P16 -> 1.3333333 | V16: 0.23958333 | W16: 45266 | Y16: =IF(M16="O",P16 - AA16,"0:00:00") -> 0 | Z16: =IF(M16="C",P16,"0:00:00") -> 0:00:00 | AA16: =IF(P16="M",Q16-P16,"0:00:00") -> 0:00:00 | AB16: =SUM(Y16:Z16) -> 0 | AC16: 0.23958333 | AD16: =V16=AC16 -> TRUE
A17: 46149 | J17: 0 | K17: =IF((D17-C17)<=$F$2,0,(D17-C17)-$F$2) -> 0 | L17: =(I17-B17)-K17-(H17-G17)-J17 -> 0 | M17: O | P17: =MROUND(L17,"0:15") -> 0 | Q17: =VALUE(MID(TEXT(L17,"hh:mm:ss"),4,2)+Q16)-IF(ABS((MID(TEXT(L17,"hh:mm:ss"),4,2)+Q16)-FLOOR((MID(TEXT(L17,"hh:mm:ss"),4,2)+Q16),15))>ABS((MID(TEXT(L17,"hh:mm:ss"),4,2)+Q16)-CEILING((MID(TEXT(L17,"hh:mm:ss"),4,2)+Q16),15)),CEILING((MID(TEXT(L17,"hh:mm:ss"),4,2)+Q16),15),FLOOR((MID(TEXT(L17,"hh:mm:ss"),4,2)+Q16),15)) -> 1 | T17: =T16-P17 -> 1.3333333 | V17: 0 | W17: 45267 | Y17: =IF(M17="O",P17 - AA17,"0:00:00") -> 0 | Z17: =IF(M17="C",P17,"0:00:00") -> 0:00:00 | AA17: =IF(P17="M",Q17-P17,"0:00:00") -> 0:00:00 | AB17: =SUM(Y17:Z17) -> 0 | AC17: 0 | AD17: =V17=AC17 -> TRUE
A18: 46150 | J18: 0 | K18: =IF((D18-C18)<=$F$2,0,(D18-C18)-$F$2) -> 0 | L18: =(I18-B18)-K18-(H18-G18)-J18 -> 0 | M18: C | P18: =MROUND(L18,"0:15") -> 0 | Q18: =VALUE(MID(TEXT(L18,"hh:mm:ss"),4,2)+Q17)-IF(ABS((MID(TEXT(L18,"hh:mm:ss"),4,2)+Q17)-FLOOR((MID(TEXT(L18,"hh:mm:ss"),4,2)+Q17),15))>ABS((MID(TEXT(L18,"hh:mm:ss"),4,2)+Q17)-CEILING((MID(TEXT(L18,"hh:mm:ss"),4,2)+Q17),15)),CEILING((MID(TEXT(L18,"hh:mm:ss"),4,2)+Q17),15),FLOOR((MID(TEXT(L18,"hh:mm:ss"),4,2)+Q17),15)) -> 1 | T18: =T17-L18 -> 1.3333333 | V18: 0 | W18: 45268 | Y18: =IF(M18="O",P18 - AA18,"0:00:00") -> 0:00:00 | Z18: =IF(M18="C",P18,"0:00:00") -> 0 | AA18: =IF(P18="M",Q18-P18,"0:00:00") -> 0:00:00 | AB18: =SUM(Y18:Z18) -> 0 | AC18: 0 | AD18: =V18=AC18 -> TRUE
A19: Semana 2 | L19: =SUM(L14:L18) -> 0 | P19: =SUM(P14:P18) -> 0 | W19: Semana 2
Q20: =Q18 -> 1
A21: 46184 | J21: 0 | K21: =IF((D21-C21)<=$F$2,0,(D21-C21)-$F$2) -> 0 | L21: =(I21-B21)-K21-(H21-G21)-J21 -> 0 | M21: O | P21: =MROUND(L21,"0:15") -> 0 | Q21: =VALUE(MID(TEXT(L21,"hh:mm:ss"),4,2)+Q20)-IF(ABS((MID(TEXT(L21,"hh:mm:ss"),4,2)+Q20)-FLOOR((MID(TEXT(L21,"hh:mm:ss"),4,2)+Q20),15))>ABS((MID(TEXT(L21,"hh:mm:ss"),4,2)+Q20)-CEILING((MID(TEXT(L21,"hh:mm:ss"),4,2)+Q20),15)),CEILING((MID(TEXT(L21,"hh:mm:ss"),4,2)+Q20),15),FLOOR((MID(TEXT(L21,"hh:mm:ss"),4,2)+Q20),15)) -> 1 | T21: =T18-L21 -> 1.3333333 | V21: 0.36458333 | W21: 45271 | Y21: =IF(M21="O",P21 - AA21,"0:00:00") -> 0 | Z21: =IF(M21="C",P21,"0:00:00") -> 0:00:00 | AA21: =IF(P21="M",Q21-P21,"0:00:00") -> 0:00:00 | AB21: =SUM(Y21:Z21) -> 0 | AC21: 0.36458333 | AD21: =V21=AC21 -> TRUE
A22: 46185 | J22: 0 | K22: =IF((D22-C22)<=$F$2,0,(D22-C22)-$F$2) -> 0 | L22: =(I22-B22)-K22-(H22-G22)-J22 -> 0 | M22: C | P22: =MROUND(L22,"0:15") -> 0 | Q22: =VALUE(MID(TEXT(L22,"hh:mm:ss"),4,2)+Q21)-IF(ABS((MID(TEXT(L22,"hh:mm:ss"),4,2)+Q21)-FLOOR((MID(TEXT(L22,"hh:mm:ss"),4,2)+Q21),15))>ABS((MID(TEXT(L22,"hh:mm:ss"),4,2)+Q21)-CEILING((MID(TEXT(L22,"hh:mm:ss"),4,2)+Q21),15)),CEILING((MID(TEXT(L22,"hh:mm:ss"),4,2)+Q21),15),FLOOR((MID(TEXT(L22,"hh:mm:ss"),4,2)+Q21),15)) -> 1 | T22: =T21-L22 -> 1.3333333 | V22: 0.36458333 | W22: 45272 | Y22: =IF(M22="O",P22 - AA22,"0:00:00") -> 0:00:00 | Z22: =IF(M22="C",P22,"0:00:00") -> 0 | AA22: =IF(P22="M",Q22-P22,"0:00:00") -> 0:00:00 | AB22: =SUM(Y22:Z22) -> 0 | AC22: 0.36458333 | AD22: =V22=AC22 -> TRUE
A23: 46186 | J23: 0 | K23: =IF((D23-C23)<=$F$2,0,(D23-C23)-$F$2) -> 0 | L23: =(I23-B23)-K23-(H23-G23)-J23 -> 0 | M23: O | P23: =MROUND(L23,"0:15") -> 0 | Q23: =VALUE(MID(TEXT(L23,"hh:mm:ss"),4,2)+Q22)-IF(ABS((MID(TEXT(L23,"hh:mm:ss"),4,2)+Q22)-FLOOR((MID(TEXT(L23,"hh:mm:ss"),4,2)+Q22),15))>ABS((MID(TEXT(L23,"hh:mm:ss"),4,2)+Q22)-CEILING((MID(TEXT(L23,"hh:mm:ss"),4,2)+Q22),15)),CEILING((MID(TEXT(L23,"hh:mm:ss"),4,2)+Q22),15),FLOOR((MID(TEXT(L23,"hh:mm:ss"),4,2)+Q22),15)) -> 1 | T23: =T22-L23 -> 1.3333333 | V23: 0.45833333 | W23: 45273 | Y23: =IF(M23="O",P23 - AA23,"0:00:00") -> 0 | Z23: =IF(M23="C",P23,"0:00:00") -> 0:00:00 | AA23: =IF(P23="M",Q23-P23,"0:00:00") -> 0:00:00 | AB23: =SUM(Y23:Z23) -> 0 | AC23: 0.45833333 | AD23: =V23=AC23 -> TRUE
A24: 46187 | J24: 0 | K24: =IF((D24-C24)<=$F$2,0,(D24-C24)-$F$2) -> 0 | L24: =(I24-B24)-K24-(H24-G24)-J24 -> 0 | M24: C | P24: =MROUND(L24,"0:15") -> 0 | Q24: =VALUE(MID(TEXT(L24,"hh:mm:ss"),4,2)+Q23)-IF(ABS((MID(TEXT(L24,"hh:mm:ss"),4,2)+Q23)-FLOOR((MID(TEXT(L24,"hh:mm:ss"),4,2)+Q23),15))>ABS((MID(TEXT(L24,"hh:mm:ss"),4,2)+Q23)-CEILING((MID(TEXT(L24,"hh:mm:ss"),4,2)+Q23),15)),CEILING((MID(TEXT(L24,"hh:mm:ss"),4,2)+Q23),15),FLOOR((MID(TEXT(L24,"hh:mm:ss"),4,2)+Q23),15)) -> 1 | T24: =T23-L24 -> 1.3333333 | V24: 0.32291667 | W24: 45274 | Y24: =IF(M24="O",P24 - AA24,"0:00:00") -> 0:00:00 | Z24: =IF(M24="C",P24,"0:00:00") -> 0 | AA24: =IF(P24="M",Q24-P24,"0:00:00") -> 0:00:00 | AB24: =SUM(Y24:Z24) -> 0 | AC24: 0.32291667 | AD24: =V24=AC24 -> TRUE
A25: 46188 | J25: 0 | K25: =IF((D25-C25)<=$F$2,0,(D25-C25)-$F$2) -> 0 | L25: =(I25-B25)-K25-(H25-G25)-J25 -> 0 | M25: C | P25: =MROUND(L25,"0:15") -> 0 | Q25: =VALUE(MID(TEXT(L25,"hh:mm:ss"),4,2)+Q24)-IF(ABS((MID(TEXT(L25,"hh:mm:ss"),4,2)+Q24)-FLOOR((MID(TEXT(L25,"hh:mm:ss"),4,2)+Q24),15))>ABS((MID(TEXT(L25,"hh:mm:ss"),4,2)+Q24)-CEILING((MID(TEXT(L25,"hh:mm:ss"),4,2)+Q24),15)),CEILING((MID(TEXT(L25,"hh:mm:ss"),4,2)+Q24),15),FLOOR((MID(TEXT(L25,"hh:mm:ss"),4,2)+Q24),15)) -> 1 | T25: =T24-L25 -> 1.3333333 | V25: 0.36458333 | W25: 45275 | Y25: =IF(M25="O",P25 - AA25,"0:00:00") -> 0:00:00 | Z25: =IF(M25="C",P25,"0:00:00") -> 0 | AA25: =IF(P25="M",Q25-P25,"0:00:00") -> 0:00:00 | AB25: =SUM(Y25:Z25) -> 0 | AC25: 0.36458333 | AD25: =V25=AC25 -> TRUE
A26: Semana 3 | L26: =SUM(L21:L25) -> 0 | P26: =SUM(P21:P25) -> 0 | W26: Semana 3
Q27: =Q25 -> 1
A28: 46160 | J28: 0 | K28: =IF((D28-C28)<=$F$2,0,(D28-C28)-$F$2) -> 0 | L28: =(I28-B28)-K28-(H28-G28)-J28 -> 0 | M28: O | P28: =MROUND(L28,"0:15") -> 0 | Q28: =VALUE(MID(TEXT(L28,"hh:mm:ss"),4,2)+Q27)-IF(ABS((MID(TEXT(L28,"hh:mm:ss"),4,2)+Q27)-FLOOR((MID(TEXT(L28,"hh:mm:ss"),4,2)+Q27),15))>ABS((MID(TEXT(L28,"hh:mm:ss"),4,2)+Q27)-CEILING((MID(TEXT(L28,"hh:mm:ss"),4,2)+Q27),15)),CEILING((MID(TEXT(L28,"hh:mm:ss"),4,2)+Q27),15),FLOOR((MID(TEXT(L28,"hh:mm:ss"),4,2)+Q27),15)) -> 1 | T28: =T25-L28 -> 1.3333333 | V28: 0.30208333 | W28: 45278 | Y28: =IF(M28="O",P28 - AA28,"0:00:00") -> 0 | Z28: =IF(M28="C",P28,"0:00:00") -> 0:00:00 | AA28: =IF(P28="M",Q28-P28,"0:00:00") -> 0:00:00 | AB28: =SUM(Y28:Z28) -> 0 | AC28: 0.30208333 | AD28: =V28=AC28 -> TRUE
A29: 46161 | J29: 0 | K29: =IF((D29-C29)<=$F$2,0,(D29-C29)-$F$2) -> 0 | L29: =(I29-B29)-K29-(H29-G29)-J29 -> 0 | M29: C | P29: =MROUND(L29,"0:15") -> 0 | Q29: =VALUE(MID(TEXT(L29,"hh:mm:ss"),4,2)+Q28)-IF(ABS((MID(TEXT(L29,"hh:mm:ss"),4,2)+Q28)-FLOOR((MID(TEXT(L29,"hh:mm:ss"),4,2)+Q28),15))>ABS((MID(TEXT(L29,"hh:mm:ss"),4,2)+Q28)-CEILING((MID(TEXT(L29,"hh:mm:ss"),4,2)+Q28),15)),CEILING((MID(TEXT(L29,"hh:mm:ss"),4,2)+Q28),15),FLOOR((MID(TEXT(L29,"hh:mm:ss"),4,2)+Q28),15)) -> 1 | T29: =T28-L29 -> 1.3333333 | V29: 0 | W29: 45279 | Y29: =IF(M29="O",P29 - AA29,"0:00:00") -> 0:00:00 | Z29: =IF(M29="C",P29,"0:00:00") -> 0 | AA29: =IF(P29="M",Q29-P29,"0:00:00") -> 0:00:00 | AB29: =SUM(Y29:Z29) -> 0 | AC29: 0.21875 | AD29: =V29=AC29 -> FALSE
A30: 46162 | J30: 0 | K30: =IF((D30-C30)<=$F$2,0,(D30-C30)-$F$2) -> 0 | L30: =(I30-B30)-K30-(H30-G30)-J30 -> 0 | M30: O | P30: =MROUND(L30,"0:15") -> 0 | Q30: =VALUE(MID(TEXT(L30,"hh:mm:ss"),4,2)+Q29)-IF(ABS((MID(TEXT(L30,"hh:mm:ss"),4,2)+Q29)-FLOOR((MID(TEXT(L30,"hh:mm:ss"),4,2)+Q29),15))>ABS((MID(TEXT(L30,"hh:mm:ss"),4,2)+Q29)-CEILING((MID(TEXT(L30,"hh:mm:ss"),4,2)+Q29),15)),CEILING((MID(TEXT(L30,"hh:mm:ss"),4,2)+Q29),15),FLOOR((MID(TEXT(L30,"hh:mm:ss"),4,2)+Q29),15)) -> 1 | T30: =T29-L30 -> 1.3333333 | V30: 0.35416667 | W30: 45280 | Y30: =IF(M30="O",P30 - AA30,"0:00:00") -> 0 | Z30: =IF(M30="C",P30,"0:00:00") -> 0:00:00 | AA30: =IF(P30="M",Q30-P30,"0:00:00") -> 0:00:00 | AB30: =SUM(Y30:Z30) -> 0 | AC30: 0.30208333 | AD30: =V30=AC30 -> FALSE
A31: 46163 | J31: 0 | K31: =IF((D31-C31)<=$F$2,0,(D31-C31)-$F$2) -> 0 | L31: =(I31-B31)-K31-(H31-G31)-J31 -> 0 | M31: O | P31: =MROUND(L31,"0:15") -> 0 | Q31: =VALUE(MID(TEXT(L31,"hh:mm:ss"),4,2)+Q30)-IF(ABS((MID(TEXT(L31,"hh:mm:ss"),4,2)+Q30)-FLOOR((MID(TEXT(L31,"hh:mm:ss"),4,2)+Q30),15))>ABS((MID(TEXT(L31,"hh:mm:ss"),4,2)+Q30)-CEILING((MID(TEXT(L31,"hh:mm:ss"),4,2)+Q30),15)),CEILING((MID(TEXT(L31,"hh:mm:ss"),4,2)+Q30),15),FLOOR((MID(TEXT(L31,"hh:mm:ss"),4,2)+Q30),15)) -> 1 | T31: =T30-L31 -> 1.3333333 | V31: 0.41666667 | W31: 45281 | Y31: =IF(M31="O",P31 - AA31,"0:00:00") -> 0 | Z31: =IF(M31="C",P31,"0:00:00") -> 0:00:00 | AA31: =IF(P31="M",Q31-P31,"0:00:00") -> 0:00:00 | AB31: =SUM(Y31:Z31) -> 0 | AC31: 0.30208333 | AD31: =V31=AC31 -> FALSE
A32: 46164 | J32: 0 | K32: =IF((D32-C32)<=$F$2,0,(D32-C32)-$F$2) -> 0 | L32: =(I32-B32)-K32-(H32-G32)-J32 -> 0 | M32: C | P32: =MROUND(L32,"0:15") -> 0 | Q32: =VALUE(MID(TEXT(L32,"hh:mm:ss"),4,2)+Q31)-IF(ABS((MID(TEXT(L32,"hh:mm:ss"),4,2)+Q31)-FLOOR((MID(TEXT(L32,"hh:mm:ss"),4,2)+Q31),15))>ABS((MID(TEXT(L32,"hh:mm:ss"),4,2)+Q31)-CEILING((MID(TEXT(L32,"hh:mm:ss"),4,2)+Q31),15)),CEILING((MID(TEXT(L32,"hh:mm:ss"),4,2)+Q31),15),FLOOR((MID(TEXT(L32,"hh:mm:ss"),4,2)+Q31),15)) -> 1 | T32: =T31-L32 -> 1.3333333 | V32: 0.35416667 | W32: 45282 | Y32: =IF(M32="O",P32 - AA32,"0:00:00") -> 0:00:00 | Z32: =IF(M32="C",P32,"0:00:00") -> 0 | AA32: =IF(P32="M",Q32-P32,"0:00:00") -> 0:00:00 | AB32: =SUM(Y32:Z32) -> 0 | AC32: 0.30208333 | AD32: =V32=AC32 -> FALSE
A33: Semana 4 | L33: =SUM(L28:L32) -> 0 | P33: =SUM(P28:P32) -> 0 | W33: Semana 4
Q34: =Q32 -> 1
A35: 46167 | J35: 0 | K35: 0 | L35: 0 | M35: O | P35: =MROUND(L35,"0:15") -> 0 | Q35: =VALUE(MID(TEXT(L35,"hh:mm:ss"),4,2)+Q34)-IF(ABS((MID(TEXT(L35,"hh:mm:ss"),4,2)+Q34)-FLOOR((MID(TEXT(L35,"hh:mm:ss"),4,2)+Q34),15))>ABS((MID(TEXT(L35,"hh:mm:ss"),4,2)+Q34)-CEILING((MID(TEXT(L35,"hh:mm:ss"),4,2)+Q34),15)),CEILING((MID(TEXT(L35,"hh:mm:ss"),4,2)+Q34),15),FLOOR((MID(TEXT(L35,"hh:mm:ss"),4,2)+Q34),15)) -> 1 | T35: =T32-L35 -> 1.3333333 | V35: 0.33333333 | W35: 45285 | Y35: =IF(M35="O",P35 - AA35,"0:00:00") -> 0 | Z35: =IF(M35="C",P35,"0:00:00") -> 0:00:00 | AA35: =IF(P35="M",Q35-P35,"0:00:00") -> 0:00:00 | AB35: =SUM(Y35:Z35) -> 0 | AC35: 0.33333333 | AD35: =V35=AC35 -> TRUE
A36: 46168 | B36: 0.30902778 | C36: 0.52986111 | D36: 0.54305556 | E36: 0.62638889 | F36: 0.64722222 | I36: 0.74930556 | J36: 0.020833333 | K36: 0 | L36: =(I36-B36)-K36-(H36-G36)-J36 -> 0.41944444 | M36: C | P36: =TIME(MID(TEXT(L36,"hh:mm:ss"),1,2), IF(ABS((MID(TEXT(L36,"hh:mm:ss"),4,2)+Q35)-FLOOR((MID(TEXT(L36,"hh:mm:ss"),4,2)+Q35),15))>=ABS((MID(TEXT(L36,"hh:mm:ss"),4,2)+Q35)-CEILING((MID(TEXT(L36,"hh:mm:ss"),4,2)+Q35),15)),CEILING((MID(TEXT(L36,"hh:mm:ss"),4,2)+Q35),15),FLOOR((MID(TEXT(L36,"hh:mm:ss"),4,2)+Q35),15)), MID(TEXT(L36,"hh:mm:ss"),7,2)) -> 0.41666667 | Q36: =VALUE(MID(TEXT(L36,"hh:mm:ss"),4,2)+Q35)-IF(ABS((MID(TEXT(L36,"hh:mm:ss"),4,2)+Q35)-FLOOR((MID(TEXT(L36,"hh:mm:ss"),4,2)+Q35),15))>ABS((MID(TEXT(L36,"hh:mm:ss"),4,2)+Q35)-CEILING((MID(TEXT(L36,"hh:mm:ss"),4,2)+Q35),15)),CEILING((MID(TEXT(L36,"hh:mm:ss"),4,2)+Q35),15),FLOOR((MID(TEXT(L36,"hh:mm:ss"),4,2)+Q35),15)) -> 5 | T36: =T35-L36 -> 0.91388889 | V36: 0.45833333 | W36: 45286 | Y36: =IF(M36="O",P36 - AA36,"0:00:00") -> 0:00:00 | Z36: =IF(M36="C",P36,"0:00:00") -> 0.41666667 | AA36: =IF(P36="M",Q36-P36,"0:00:00") -> 0:00:00 | AB36: =SUM(Y36:Z36) -> 0.41666667 | AC36: 0.45833333 | AD36: =V36=AC36 -> TRUE
A37: 46169 | B37: 0.30347222 | C37: 0.49236111 | D37: 0.50625 | I37: 0.62638889 | J37: 0 | K37: 0 | L37: =(I37-B37)-K37-(H37-G37)-J37 -> 0.32291667 | M37: O | P37: =TIME(MID(TEXT(L37,"hh:mm:ss"),1,2), IF(ABS((MID(TEXT(L37,"hh:mm:ss"),4,2)+Q36)-FLOOR((MID(TEXT(L37,"hh:mm:ss"),4,2)+Q36),15))>=ABS((MID(TEXT(L37,"hh:mm:ss"),4,2)+Q36)-CEILING((MID(TEXT(L37,"hh:mm:ss"),4,2)+Q36),15)),CEILING((MID(TEXT(L37,"hh:mm:ss"),4,2)+Q36),15),FLOOR((MID(TEXT(L37,"hh:mm:ss"),4,2)+Q36),15)), MID(TEXT(L37,"hh:mm:ss"),7,2)) -> 0.32291667 | Q37: =VALUE(MID(TEXT(L37,"hh:mm:ss"),4,2)+Q36)-IF(ABS((MID(TEXT(L37,"hh:mm:ss"),4,2)+Q36)-FLOOR((MID(TEXT(L37,"hh:mm:ss"),4,2)+Q36),15))>ABS((MID(TEXT(L37,"hh:mm:ss"),4,2)+Q36)-CEILING((MID(TEXT(L37,"hh:mm:ss"),4,2)+Q36),15)),CEILING((MID(TEXT(L37,"hh:mm:ss"),4,2)+Q36),15),FLOOR((MID(TEXT(L37,"hh:mm:ss"),4,2)+Q36),15)) -> 5 | T37: =T36-L37 -> 0.59097222 | V37: 0.33333333 | W37: 45287 | Y37: =IF(M37="O",P37 - AA37,"0:00:00") -> 0.32291667 | Z37: =IF(M37="C",P37,"0:00:00") -> 0:00:00 | AA37: =IF(P37="M",Q37-P37,"0:00:00") -> 0:00:00 | AB37: =SUM(Y37:Z37) -> 0.32291667 | AC37: 0.33333333 | AD37: =V37=AC37 -> TRUE
A38: 46170 | B38: 0.33333333 | I38: 0.66666667 | J38: 0 | K38: 0 | L38: =(I38-B38)-K38-(H38-G38)-J38 -> 0.33333333 | M38: C | P38: =TIME(MID(TEXT(L38,"hh:mm:ss"),1,2), IF(ABS((MID(TEXT(L38,"hh:mm:ss"),4,2)+Q37)-FLOOR((MID(TEXT(L38,"hh:mm:ss"),4,2)+Q37),15))>=ABS((MID(TEXT(L38,"hh:mm:ss"),4,2)+Q37)-CEILING((MID(TEXT(L38,"hh:mm:ss"),4,2)+Q37),15)),CEILING((MID(TEXT(L38,"hh:mm:ss"),4,2)+Q37),15),FLOOR((MID(TEXT(L38,"hh:mm:ss"),4,2)+Q37),15)), MID(TEXT(L38,"hh:mm:ss"),7,2)) -> 0.33333333 | Q38: =VALUE(MID(TEXT(L38,"hh:mm:ss"),4,2)+Q37)-IF(ABS((MID(TEXT(L38,"hh:mm:ss"),4,2)+Q37)-FLOOR((MID(TEXT(L38,"hh:mm:ss"),4,2)+Q37),15))>ABS((MID(TEXT(L38,"hh:mm:ss"),4,2)+Q37)-CEILING((MID(TEXT(L38,"hh:mm:ss"),4,2)+Q37),15)),CEILING((MID(TEXT(L38,"hh:mm:ss"),4,2)+Q37),15),FLOOR((MID(TEXT(L38,"hh:mm:ss"),4,2)+Q37),15)) -> 5 | T38: =T37-L38 -> 0.25763889 | V38: 0.45833333 | W38: 45288 | Y38: =IF(M38="O",P38 - AA38,"0:00:00") -> 0:00:00 | Z38: =IF(M38="C",P38,"0:00:00") -> 0.33333333 | AA38: =IF(P38="M",Q38-P38,"0:00:00") -> 0:00:00 | AB38: =SUM(Y38:Z38) -> 0.33333333 | AC38: 0.45833333 | AD38: =V38=AC38 -> TRUE
A39: 46171 | B39: 0.33263889 | C39: 0.50625 | D39: 0.52013889 | I39: 0.65277778 | J39: 0 | K39: 6.2450045e-17 | L39: =(I39-B39)-K39-(H39-G39)-J39 -> 0.32013889 | M39: C | P39: =TIME(MID(TEXT(L39,"hh:mm:ss"),1,2), IF(ABS((MID(TEXT(L39,"hh:mm:ss"),4,2)+Q38)-FLOOR((MID(TEXT(L39,"hh:mm:ss"),4,2)+Q38),15))>=ABS((MID(TEXT(L39,"hh:mm:ss"),4,2)+Q38)-CEILING((MID(TEXT(L39,"hh:mm:ss"),4,2)+Q38),15)),CEILING((MID(TEXT(L39,"hh:mm:ss"),4,2)+Q38),15),FLOOR((MID(TEXT(L39,"hh:mm:ss"),4,2)+Q38),15)), MID(TEXT(L39,"hh:mm:ss"),7,2)) -> 0.32291667 | Q39: =VALUE(MID(TEXT(L39,"hh:mm:ss"),4,2)+Q38)-IF(ABS((MID(TEXT(L39,"hh:mm:ss"),4,2)+Q38)-FLOOR((MID(TEXT(L39,"hh:mm:ss"),4,2)+Q38),15))>ABS((MID(TEXT(L39,"hh:mm:ss"),4,2)+Q38)-CEILING((MID(TEXT(L39,"hh:mm:ss"),4,2)+Q38),15)),CEILING((MID(TEXT(L39,"hh:mm:ss"),4,2)+Q38),15),FLOOR((MID(TEXT(L39,"hh:mm:ss"),4,2)+Q38),15)) -> 1 | T39: =T38-L39 -> -0.0625 | W39: 45289 | Y39: =IF(M39="O",P39 - AA39,"0:00:00") -> 0:00:00 | Z39: =IF(M39="C",P39,"0:00:00") -> 0.32291667 | AA39: =IF(P39="M",Q39-P39,"0:00:00") -> 0:00:00 | AB39: =SUM(Y39:Z39) -> 0.32291667
A40: Semana 5 | L40: =SUM(L35:L39) -> 1.3958333 | P40: =SUM(P35:P39) -> 1.3958333 | W40: Semana 5
Y42: =SUM(Y7:Y11,Y14:Y18,Y21:Y25,Y28:Y32,Y35:Y39) -> 0.32291667 | Z42: =SUM(Z7:Z11,Z14:Z18,Z21:Z25,Z28:Z32,Z35:Z39) -> 1.0729167 | AA42: =SUM(AA7:AA11,AA14:AA18,AA21:AA25,AA28:AA32,AA35:AA39) -> 0 | AB42: =SUM(AB7:AB11,AB14:AB18,AB21:AB25,AB28:AB32,AB35:AB39) -> 1.3958333
A43: Total Mes | L43: =SUM(L33,L26,L19,L12,L40) -> 1.3958333 | P43: =SUM(P12,P19,P26,P33,P40) -> 1.3958333 | V43: =SUM(V7:V42) -> 6.4270833 | AC43: =SUM(AC7:AC42) -> 6.4270833
Y44: =Y42/C47 -> 0.23134328 | Z44: =Z42/C47 -> 0.76865672 | AA44: =AA42/C47 -> 0 | AB44: =SUM(Y44:AA44) -> 1
A46: HORAS TOTAL MES: | C46: =J1*J2 -> 1.3333333
B47: Hechas: | C47: =L43 -> 1.3958333
B48: Faltan: | C48: =IF(C46>C47,C46-C47,"00:00:00") -> 00:00:00
B49: Sobran: | C49: =IF(C47>C46,C47-C46,"00:00:00") -> 0.0625
B51: Acumuladas Faltan: | C51: 0 | E51: Saldo Faltan: | F51: =IF(C51>C52,C51-C52,"00:00:00") -> 00:00:00
B52: Acumuladas Sobran: | C52: 0 | E52: Saldo Sobran: | F52: =IF(C52>C51,C52-C51,"00:00:00") -> 00:00:00
A53: Vacaciones: | C53: =Horas!B3-'Mayo 26'!J1 -> 0 | D53: Vacaciones Acumuladas: | F53: 0
A54: Puentes Recuperables: | C54: 0 | D54: Puentes Recuperables Acum: | F54: 0
AD55: :

Sheet Junio
A1: Empresa: | B1: IZERTIS | E1: Tiempo min comida | F1: 0.020833333 | I1: Dias Mes: | J1: 10 | K1: Dias Mes: | L1: 12
A2: Nombre: | E2: Tiempo desayuno | F2: 0.013888889 | I2: Horas / Día: | J2: 0.33333333 | K2: Horas / Día: | L2: 0.29166667
A3: Mes: | B3: 46174 | E3: % R.Domic. | F3: 50 | I3: Días R.Dom: | J3: 8
N4: Teletrabajo tardes MIXTO
A5: Día | B5: ENTRADA | C5: Salida Desay | D5: Entrada Desay | E5: Salida Comida | F5: Entrada Comida | G5: Hora Salida | H5: Hora Entrada | I5: SALIDA | J5: Total Comida | K5: Total Desayuno | L5: Total Día | M5: Ubic | N5: Entrada Comida | O5: SALIDA | T5: =C46 -> 6.8333333 | V5: JIRA | W5: Día | Y5: CONTROL TELETRABAJO | AC5: IZERTIA | AD5: IZERTIA/JIRA
Q6: 1 | Y6: OFICINA | Z6: CASA | AA6: MIXTA T. | AB6: Total
A7: 46174 | B7: 0.30138889 | C7: 0.48402778 | D7: 0.49861111 | I7: 0.62569444 | J7: 0 | K7: =IF((D7-C7)<=$F$2,0,(D7-C7)-$F$2) -> 0.00069444444 | L7: =(I7-B7)-K7-(H7-G7)-J7 -> 0.32361111 | M7: O | P7: =MROUND(L7,"0:15") -> 0.32291667 | Q7: =VALUE(MID(TEXT(L7,"hh:mm:ss"),4,2)+Q6)-IF(ABS((MID(TEXT(L7,"hh:mm:ss"),4,2)+Q6)-FLOOR((MID(TEXT(L7,"hh:mm:ss"),4,2)+Q6),15))>ABS((MID(TEXT(L7,"hh:mm:ss"),4,2)+Q6)-CEILING((MID(TEXT(L7,"hh:mm:ss"),4,2)+Q6),15)),CEILING((MID(TEXT(L7,"hh:mm:ss"),4,2)+Q6),15),FLOOR((MID(TEXT(L7,"hh:mm:ss"),4,2)+Q6),15)) -> 2 | T7: =T5-L7 -> 6.5097222 | V7: 0 | Y7: =IF(M7="O",P7 - AA7,"0:00:00") -> 0.32291667 | Z7: =IF(M7="C",P7,"0:00:00") -> 0:00:00 | AA7: =IF(P7="M",Q7-P7,"0:00:00") -> 0:00:00 | AB7: =SUM(Y7:Z7) -> 0.32291667 | AC7: 0
A8: 46175 | B8: 0.32916667 | C8: 0.5125 | D8: 0.52638889 | I8: 0.66875 | J8: 0 | K8: =IF((D8-C8)<=$F$2,0,(D8-C8)-$F$2) -> 0 | L8: =(I8-B8)-K8-(H8-G8)-J8 -> 0.33958333 | M8: C | P8: =MROUND(L8,"0:15") -> 0.34375 | Q8: =VALUE(MID(TEXT(L8,"hh:mm:ss"),4,2)+Q7)-IF(ABS((MID(TEXT(L8,"hh:mm:ss"),4,2)+Q7)-FLOOR((MID(TEXT(L8,"hh:mm:ss"),4,2)+Q7),15))>ABS((MID(TEXT(L8,"hh:mm:ss"),4,2)+Q7)-CEILING((MID(TEXT(L8,"hh:mm:ss"),4,2)+Q7),15)),CEILING((MID(TEXT(L8,"hh:mm:ss"),4,2)+Q7),15),FLOOR((MID(TEXT(L8,"hh:mm:ss"),4,2)+Q7),15)) -> -4 | T8: =T7-L8 -> 6.1701389 | V8: 0 | Y8: =IF(M8="O",P8 - AA8,"0:00:00") -> 0:00:00 | Z8: =IF(M8="C",P8,"0:00:00") -> 0.34375 | AA8: 0 | AB8: =SUM(Y8:Z8) -> 0.34375 | AC8: 0
A9: 46176 | B9: 0.30208333 | C9: 0.475 | D9: 0.48819444 | I9: 0.60555556 | J9: 0 | K9: =IF((D9-C9)<=$F$2,0,(D9-C9)-$F$2) -> 0 | L9: =(I9-B9)-K9-(H9-G9)-J9 -> 0.30347222 | M9: O | P9: =MROUND(L9,"0:15") -> 0.30208333 | Q9: =VALUE(MID(TEXT(L9,"hh:mm:ss"),4,2)+Q8)-IF(ABS((MID(TEXT(L9,"hh:mm:ss"),4,2)+Q8)-FLOOR((MID(TEXT(L9,"hh:mm:ss"),4,2)+Q8),15))>ABS((MID(TEXT(L9,"hh:mm:ss"),4,2)+Q8)-CEILING((MID(TEXT(L9,"hh:mm:ss"),4,2)+Q8),15)),CEILING((MID(TEXT(L9,"hh:mm:ss"),4,2)+Q8),15),FLOOR((MID(TEXT(L9,"hh:mm:ss"),4,2)+Q8),15)) -> -2 | T9: =T8-L9 -> 5.8666667 | V9: 0 | Y9: =IF(M9="O",P9 - AA9,"0:00:00") -> 0.30208333 | Z9: =IF(M9="C",P9,"0:00:00") -> 0:00:00 | AA9: =IF(P9="M",Q9-P9,"0:00:00") -> 0:00:00 | AB9: =SUM(Y9:Z9) -> 0.30208333 | AC9: 0 | AD9: =V9=AC9 -> TRUE
A10: 46177 | B10: 0.31666667 | C10: 0.51041667 | D10: 0.52361111 | E10: 0.64861111 | F10: 0.66944444 | I10: 0.71111111 | J10: =IF((F10-E10)<$F$1,$F$1,F10-E10) -> 0.020833333 | K10: =IF((D10-C10)<=$F$2,0,(D10-C10)-$F$2) -> 0 | L10: =(I10-B10)-K10-(H10-G10)-J10 -> 0.37361111 | M10: O | P10: =MROUND(L10,"0:15") -> 0.375 | Q10: =VALUE(MID(TEXT(L10,"hh:mm:ss"),4,2)+Q9)-IF(ABS((MID(TEXT(L10,"hh:mm:ss"),4,2)+Q9)-FLOOR((MID(TEXT(L10,"hh:mm:ss"),4,2)+Q9),15))>ABS((MID(TEXT(L10,"hh:mm:ss"),4,2)+Q9)-CEILING((MID(TEXT(L10,"hh:mm:ss"),4,2)+Q9),15)),CEILING((MID(TEXT(L10,"hh:mm:ss"),4,2)+Q9),15),FLOOR((MID(TEXT(L10,"hh:mm:ss"),4,2)+Q9),15)) -> -4 | T10: =T9-L10 -> 5.4930556 | V10: 0.45833333 | Y10: =IF(M10="O",P10 - AA10,"0:00:00") -> 0.375 | Z10: =IF(M10="C",P10,"0:00:00") -> 0:00:00 | AA10: =IF(P10="M",Q10-P10,"0:00:00") -> 0:00:00 | AB10: =SUM(Y10:Z10) -> 0.375 | AC10: 0.45833333 | AD10: =V10=AC10 -> TRUE
A11: 46178 | B11: 0.30138889 | I11: 0.59722222 | J11: 0 | K11: =IF((D11-C11)<=$F$2,0,(D11-C11)-$F$2) -> 0 | L11: =(I11-B11)-K11-(H11-G11)-J11 -> 0.29583333 | M11: O | P11: =MROUND(L11,"0:15") -> 0.29166667 | Q11: =VALUE(MID(TEXT(L11,"hh:mm:ss"),4,2)+Q10)-IF(ABS((MID(TEXT(L11,"hh:mm:ss"),4,2)+Q10)-FLOOR((MID(TEXT(L11,"hh:mm:ss"),4,2)+Q10),15))>ABS((MID(TEXT(L11,"hh:mm:ss"),4,2)+Q10)-CEILING((MID(TEXT(L11,"hh:mm:ss"),4,2)+Q10),15)),CEILING((MID(TEXT(L11,"hh:mm:ss"),4,2)+Q10),15),FLOOR((MID(TEXT(L11,"hh:mm:ss"),4,2)+Q10),15)) -> 2 | T11: =T10-L11 -> 5.1972222 | V11: 0.29166667 | W11: 45261 | Y11: =IF(M11="O",P11 - AA11,"0:00:00") -> 0.29166667 | Z11: =IF(M11="C",P11,"0:00:00") -> 0:00:00 | AA11: =IF(P11="M",Q11-P11,"0:00:00") -> 0:00:00 | AB11: =SUM(Y11:Z11) -> 0.29166667 | AC11: 0.29166667 | AD11: =V11=AC11 -> TRUE
A12: Semana 1 | L12: =SUM(L7:L11) -> 1.6361111 | P12: =SUM(P7:P11) -> 1.6354167 | W12: Semana 1
Q13: =Q11 -> 2
A14: 46181 | B14: 0.32847222 | C14: 0.51736111 | D14: 0.53125 | I14: 0.64652778 | J14: 0 | K14: =IF((D14-C14)<=$F$2,0,(D14-C14)-$F$2) -> 6.2450045e-17 | L14: =(I14-B14)-K14-(H14-G14)-J14 -> 0.31805556 | M14: O | P14: =MROUND(L14,"0:15") -> 0.32291667 | Q14: =VALUE(MID(TEXT(L14,"hh:mm:ss"),4,2)+Q13)-IF(ABS((MID(TEXT(L14,"hh:mm:ss"),4,2)+Q13)-FLOOR((MID(TEXT(L14,"hh:mm:ss"),4,2)+Q13),15))>ABS((MID(TEXT(L14,"hh:mm:ss"),4,2)+Q13)-CEILING((MID(TEXT(L14,"hh:mm:ss"),4,2)+Q13),15)),CEILING((MID(TEXT(L14,"hh:mm:ss"),4,2)+Q13),15),FLOOR((MID(TEXT(L14,"hh:mm:ss"),4,2)+Q13),15)) -> -5 | T14: =T11-L14 -> 4.8791667 | V14: 0.30208333 | W14: 45264 | Y14: =IF(M14="O",P14 - AA14,"0:00:00") -> 0.32291667 | Z14: =IF(M14="C",P14,"0:00:00") -> 0:00:00 | AA14: =IF(P14="M",Q14-P14,"0:00:00") -> 0:00:00 | AB14: =SUM(Y14:Z14) -> 0.32291667 | AC14: 0.30208333 | AD14: =V14=AC14 -> TRUE
A15: 46182 | B15: 0.32569444 | C15: 0.54791667 | D15: 0.56111111 | E15: 0.66180556 | F15: 0.67986111 | I15: 0.73263889 | J15: =IF((F15-E15)<$F$1,$F$1,F15-E15) -> 0.020833333 | K15: =IF((D15-C15)<=$F$2,0,(D15-C15)-$F$2) -> 0 | L15: =(I15-B15)-K15-(H15-G15)-J15 -> 0.38611111 | M15: O | P15: =MROUND(L15,"0:15") -> 0.38541667 | Q15: =VALUE(MID(TEXT(L15,"hh:mm:ss"),4,2)+Q14)-IF(ABS((MID(TEXT(L15,"hh:mm:ss"),4,2)+Q14)-FLOOR((MID(TEXT(L15,"hh:mm:ss"),4,2)+Q14),15))>ABS((MID(TEXT(L15,"hh:mm:ss"),4,2)+Q14)-CEILING((MID(TEXT(L15,"hh:mm:ss"),4,2)+Q14),15)),CEILING((MID(TEXT(L15,"hh:mm:ss"),4,2)+Q14),15),FLOOR((MID(TEXT(L15,"hh:mm:ss"),4,2)+Q14),15)) -> -4 | T15: =T14-L15 -> 4.4930556 | V15: 0.25 | W15: 45265 | Y15: =IF(M15="O",P15 - AA15,"0:00:00") -> 0.38541667 | Z15: =IF(M15="C",P15,"0:00:00") -> 0:00:00 | AA15: =IF(P15="M",Q15-P15,"0:00:00") -> 0:00:00 | AB15: =SUM(Y15:Z15) -> 0.38541667 | AC15: 0.25 | AD15: =V15=AC15 -> TRUE
A16: 46183 | B16: 0.30416667 | C16: 0.49236111 | D16: 0.51527778 | I16: 0.59444444 | J16: 0 | K16: =IF((D16-C16)<=$F$2,0,(D16-C16)-$F$2) -> 0.0090277778 | L16: =(I16-B16)-K16-(H16-G16)-J16 -> 0.28125 | M16: O | P16: =MROUND(L16,"0:15") -> 0.28125 | Q16: =VALUE(MID(TEXT(L16,"hh:mm:ss"),4,2)+Q15)-IF(ABS((MID(TEXT(L16,"hh:mm:ss"),4,2)+Q15)-FLOOR((MID(TEXT(L16,"hh:mm:ss"),4,2)+Q15),15))>ABS((MID(TEXT(L16,"hh:mm:ss"),4,2)+Q15)-CEILING((MID(TEXT(L16,"hh:mm:ss"),4,2)+Q15),15)),CEILING((MID(TEXT(L16,"hh:mm:ss"),4,2)+Q15),15),FLOOR((MID(TEXT(L16,"hh:mm:ss"),4,2)+Q15),15)) -> -4 | T16: =T15-P16 -> 4.2118056 | V16: 0.23958333 | W16: 45266 | Y16: =IF(M16="O",P16 - AA16,"0:00:00") -> 0.28125 | Z16: =IF(M16="C",P16,"0:00:00") -> 0:00:00 | AA16: =IF(P16="M",Q16-P16,"0:00:00") -> 0:00:00 | AB16: =SUM(Y16:Z16) -> 0.28125 | AC16: 0.23958333 | AD16: =V16=AC16 -> TRUE
A17: 46184 | B17: 0.31458333 | C17: 0.50208333 | D17: 0.51597222 | I17: 0.64583333 | J17: 0 | K17: =IF((D17-C17)<=$F$2,0,(D17-C17)-$F$2) -> 0 | L17: =(I17-B17)-K17-(H17-G17)-J17 -> 0.33125 | M17: C | P17: =MROUND(L17,"0:15") -> 0.33333333 | Q17: =VALUE(MID(TEXT(L17,"hh:mm:ss"),4,2)+Q16)-IF(ABS((MID(TEXT(L17,"hh:mm:ss"),4,2)+Q16)-FLOOR((MID(TEXT(L17,"hh:mm:ss"),4,2)+Q16),15))>ABS((MID(TEXT(L17,"hh:mm:ss"),4,2)+Q16)-CEILING((MID(TEXT(L17,"hh:mm:ss"),4,2)+Q16),15)),CEILING((MID(TEXT(L17,"hh:mm:ss"),4,2)+Q16),15),FLOOR((MID(TEXT(L17,"hh:mm:ss"),4,2)+Q16),15)) -> -7 | T17: =T16-P17 -> 3.8784722 | V17: 0 | W17: 45267 | Y17: =IF(M17="O",P17 - AA17,"0:00:00") -> 0:00:00 | Z17: =IF(M17="C",P17,"0:00:00") -> 0.33333333 | AA17: =IF(P17="M",Q17-P17,"0:00:00") -> 0:00:00 | AB17: =SUM(Y17:Z17) -> 0.33333333 | AC17: 0 | AD17: =V17=AC17 -> TRUE
A18: 46185 | B18: 0.31041667 | C18: 0.53472222 | D18: 0.54861111 | I18: 0.65833333 | J18: 0 | K18: =IF((D18-C18)<=$F$2,0,(D18-C18)-$F$2) -> 0 | L18: =(I18-B18)-K18-(H18-G18)-J18 -> 0.34791667 | M18: C | P18: =MROUND(L18,"0:15") -> 0.34375 | Q18: =VALUE(MID(TEXT(L18,"hh:mm:ss"),4,2)+Q17)-IF(ABS((MID(TEXT(L18,"hh:mm:ss"),4,2)+Q17)-FLOOR((MID(TEXT(L18,"hh:mm:ss"),4,2)+Q17),15))>ABS((MID(TEXT(L18,"hh:mm:ss"),4,2)+Q17)-CEILING((MID(TEXT(L18,"hh:mm:ss"),4,2)+Q17),15)),CEILING((MID(TEXT(L18,"hh:mm:ss"),4,2)+Q17),15),FLOOR((MID(TEXT(L18,"hh:mm:ss"),4,2)+Q17),15)) -> -1 | T18: =T17-L18 -> 3.5305556 | V18: 0 | W18: 45268 | Y18: =IF(M18="O",P18 - AA18,"0:00:00") -> 0:00:00 | Z18: =IF(M18="C",P18,"0:00:00") -> 0.34375 | AA18: =IF(P18="M",Q18-P18,"0:00:00") -> 0:00:00 | AB18: =SUM(Y18:Z18) -> 0.34375 | AC18: 0 | AD18: =V18=AC18 -> TRUE
A19: Semana 2 | L19: =SUM(L14:L18) -> 1.6645833 | P19: =SUM(P14:P18) -> 1.6666667 | W19: Semana 2
Q20: =Q18 -> -1
A21: 46188 | B21: 0.30138889 | C21: 0.48888889 | D21: 0.50277778 | I21: 0.59444444 | J21: 0 | K21: =IF((D21-C21)<=$F$2,0,(D21-C21)-$F$2) -> 0 | L21: =(I21-B21)-K21-(H21-G21)-J21 -> 0.29305556 | M21: O | P21: =MROUND(L21,"0:15") -> 0.29166667 | Q21: =VALUE(MID(TEXT(L21,"hh:mm:ss"),4,2)+Q20)-IF(ABS((MID(TEXT(L21,"hh:mm:ss"),4,2)+Q20)-FLOOR((MID(TEXT(L21,"hh:mm:ss"),4,2)+Q20),15))>ABS((MID(TEXT(L21,"hh:mm:ss"),4,2)+Q20)-CEILING((MID(TEXT(L21,"hh:mm:ss"),4,2)+Q20),15)),CEILING((MID(TEXT(L21,"hh:mm:ss"),4,2)+Q20),15),FLOOR((MID(TEXT(L21,"hh:mm:ss"),4,2)+Q20),15)) -> 1 | T21: =T18-L21 -> 3.2375 | V21: 0.36458333 | W21: 45271 | Y21: =IF(M21="O",P21 - AA21,"0:00:00") -> 0.29166667 | Z21: =IF(M21="C",P21,"0:00:00") -> 0:00:00 | AA21: =IF(P21="M",Q21-P21,"0:00:00") -> 0:00:00 | AB21: =SUM(Y21:Z21) -> 0.29166667 | AC21: 0.36458333 | AD21: =V21=AC21 -> TRUE
A22: 46189 | B22: 0.30555556 | C22: 0.5 | D22: 0.51388889 | I22: 0.64027778 | J22: 0 | K22: =IF((D22-C22)<=$F$2,0,(D22-C22)-$F$2) -> 6.2450045e-17 | L22: =(I22-B22)-K22-(H22-G22)-J22 -> 0.33472222 | M22: C | P22: =MROUND(L22,"0:15") -> 0.33333333 | Q22: =VALUE(MID(TEXT(L22,"hh:mm:ss"),4,2)+Q21)-IF(ABS((MID(TEXT(L22,"hh:mm:ss"),4,2)+Q21)-FLOOR((MID(TEXT(L22,"hh:mm:ss"),4,2)+Q21),15))>ABS((MID(TEXT(L22,"hh:mm:ss"),4,2)+Q21)-CEILING((MID(TEXT(L22,"hh:mm:ss"),4,2)+Q21),15)),CEILING((MID(TEXT(L22,"hh:mm:ss"),4,2)+Q21),15),FLOOR((MID(TEXT(L22,"hh:mm:ss"),4,2)+Q21),15)) -> 3 | T22: =T21-L22 -> 2.9027778 | V22: 0.36458333 | W22: 45272 | Y22: =IF(M22="O",P22 - AA22,"0:00:00") -> 0:00:00 | Z22: =IF(M22="C",P22,"0:00:00") -> 0.33333333 | AA22: =IF(P22="M",Q22-P22,"0:00:00") -> 0:00:00 | AB22: =SUM(Y22:Z22) -> 0.33333333 | AC22: 0.36458333 | AD22: =V22=AC22 -> TRUE
A23: 46190 | B23: 0.30972222 | C23: 0.48125 | D23: 0.49513889 | I23: 0.60208333 | J23: 0 | K23: =IF((D23-C23)<=$F$2,0,(D23-C23)-$F$2) -> 0 | L23: =(I23-B23)-K23-(H23-G23)-J23 -> 0.29236111 | M23: O | P23: =MROUND(L23,"0:15") -> 0.29166667 | Q23: =VALUE(MID(TEXT(L23,"hh:mm:ss"),4,2)+Q22)-IF(ABS((MID(TEXT(L23,"hh:mm:ss"),4,2)+Q22)-FLOOR((MID(TEXT(L23,"hh:mm:ss"),4,2)+Q22),15))>ABS((MID(TEXT(L23,"hh:mm:ss"),4,2)+Q22)-CEILING((MID(TEXT(L23,"hh:mm:ss"),4,2)+Q22),15)),CEILING((MID(TEXT(L23,"hh:mm:ss"),4,2)+Q22),15),FLOOR((MID(TEXT(L23,"hh:mm:ss"),4,2)+Q22),15)) -> 4 | T23: =T22-L23 -> 2.6104167 | V23: 0.45833333 | W23: 45273 | Y23: =IF(M23="O",P23 - AA23,"0:00:00") -> 0.29166667 | Z23: =IF(M23="C",P23,"0:00:00") -> 0:00:00 | AA23: =IF(P23="M",Q23-P23,"0:00:00") -> 0:00:00 | AB23: =SUM(Y23:Z23) -> 0.29166667 | AC23: 0.45833333 | AD23: =V23=AC23 -> TRUE
A24: 46191 | B24: 0.35416667 | C24: 0.50833333 | D24: 0.52222222 | I24: 0.66597222 | J24: 0 | K24: =IF((D24-C24)<=$F$2,0,(D24-C24)-$F$2) -> 6.2450045e-17 | L24: =(I24-B24)-K24-(H24-G24)-J24 -> 0.31180556 | M24: C | P24: =MROUND(L24,"0:15") -> 0.3125 | Q24: =VALUE(MID(TEXT(L24,"hh:mm:ss"),4,2)+Q23)-IF(ABS((MID(TEXT(L24,"hh:mm:ss"),4,2)+Q23)-FLOOR((MID(TEXT(L24,"hh:mm:ss"),4,2)+Q23),15))>ABS((MID(TEXT(L24,"hh:mm:ss"),4,2)+Q23)-CEILING((MID(TEXT(L24,"hh:mm:ss"),4,2)+Q23),15)),CEILING((MID(TEXT(L24,"hh:mm:ss"),4,2)+Q23),15),FLOOR((MID(TEXT(L24,"hh:mm:ss"),4,2)+Q23),15)) -> 3 | T24: =T23-L24 -> 2.2986111 | V24: 0.32291667 | W24: 45274 | Y24: =IF(M24="O",P24 - AA24,"0:00:00") -> 0:00:00 | Z24: =IF(M24="C",P24,"0:00:00") -> 0.3125 | AA24: =IF(P24="M",Q24-P24,"0:00:00") -> 0:00:00 | AB24: =SUM(Y24:Z24) -> 0.3125 | AC24: 0.32291667 | AD24: =V24=AC24 -> TRUE
A25: 46192 | B25: 0.30069444 | C25: 0.54166667 | D25: 0.54513889 | I25: 0.59236111 | J25: 0 | K25: =IF((D25-C25)<=$F$2,0,(D25-C25)-$F$2) -> 0 | L25: =(I25-B25)-K25-(H25-G25)-J25 -> 0.29166667 | M25: C | P25: =MROUND(L25,"0:15") -> 0.29166667 | Q25: =VALUE(MID(TEXT(L25,"hh:mm:ss"),4,2)+Q24)-IF(ABS((MID(TEXT(L25,"hh:mm:ss"),4,2)+Q24)-FLOOR((MID(TEXT(L25,"hh:mm:ss"),4,2)+Q24),15))>ABS((MID(TEXT(L25,"hh:mm:ss"),4,2)+Q24)-CEILING((MID(TEXT(L25,"hh:mm:ss"),4,2)+Q24),15)),CEILING((MID(TEXT(L25,"hh:mm:ss"),4,2)+Q24),15),FLOOR((MID(TEXT(L25,"hh:mm:ss"),4,2)+Q24),15)) -> 3 | T25: =T24-L25 -> 2.0069444 | V25: 0.36458333 | W25: 45275 | Y25: =IF(M25="O",P25 - AA25,"0:00:00") -> 0:00:00 | Z25: =IF(M25="C",P25,"0:00:00") -> 0.29166667 | AA25: =IF(P25="M",Q25-P25,"0:00:00") -> 0:00:00 | AB25: =SUM(Y25:Z25) -> 0.29166667 | AC25: 0.36458333 | AD25: =V25=AC25 -> TRUE
A26: Semana 3 | L26: =SUM(L21:L25) -> 1.5236111 | P26: =SUM(P21:P25) -> 1.5208333 | W26: Semana 3
Q27: =Q25 -> 3
A28: 46195 | B28: 0.30277778 | C28: 0.49583333 | D28: 0.51041667 | I28: 0.58472222 | J28: 0 | K28: =IF((D28-C28)<=$F$2,0,(D28-C28)-$F$2) -> 0.00069444444 | L28: =(I28-B28)-K28-(H28-G28)-J28 -> 0.28125 | M28: O | P28: =MROUND(L28,"0:15") -> 0.28125 | Q28: =VALUE(MID(TEXT(L28,"hh:mm:ss"),4,2)+Q27)-IF(ABS((MID(TEXT(L28,"hh:mm:ss"),4,2)+Q27)-FLOOR((MID(TEXT(L28,"hh:mm:ss"),4,2)+Q27),15))>ABS((MID(TEXT(L28,"hh:mm:ss"),4,2)+Q27)-CEILING((MID(TEXT(L28,"hh:mm:ss"),4,2)+Q27),15)),CEILING((MID(TEXT(L28,"hh:mm:ss"),4,2)+Q27),15),FLOOR((MID(TEXT(L28,"hh:mm:ss"),4,2)+Q27),15)) -> 3 | T28: =T25-L28 -> 1.7256944 | V28: 0.30208333 | W28: 45278 | Y28: =IF(M28="O",P28 - AA28,"0:00:00") -> 0.28125 | Z28: =IF(M28="C",P28,"0:00:00") -> 0:00:00 | AA28: =IF(P28="M",Q28-P28,"0:00:00") -> 0:00:00 | AB28: =SUM(Y28:Z28) -> 0.28125 | AC28: 0.30208333 | AD28: =V28=AC28 -> TRUE
A29: 46196 | B29: 0.35555556 | C29: 0.51805556 | D29: 0.53194444 | I29: 0.65763889 | J29: 0 | K29: =IF((D29-C29)<=$F$2,0,(D29-C29)-$F$2) -> 0 | L29: =(I29-B29)-K29-(H29-G29)-J29 -> 0.30208333 | M29: C | P29: =MROUND(L29,"0:15") -> 0.30208333 | Q29: =VALUE(MID(TEXT(L29,"hh:mm:ss"),4,2)+Q28)-IF(ABS((MID(TEXT(L29,"hh:mm:ss"),4,2)+Q28)-FLOOR((MID(TEXT(L29,"hh:mm:ss"),4,2)+Q28),15))>ABS((MID(TEXT(L29,"hh:mm:ss"),4,2)+Q28)-CEILING((MID(TEXT(L29,"hh:mm:ss"),4,2)+Q28),15)),CEILING((MID(TEXT(L29,"hh:mm:ss"),4,2)+Q28),15),FLOOR((MID(TEXT(L29,"hh:mm:ss"),4,2)+Q28),15)) -> 3 | T29: =T28-L29 -> 1.4236111 | V29: 0 | W29: 45279 | Y29: =IF(M29="O",P29 - AA29,"0:00:00") -> 0:00:00 | Z29: =IF(M29="C",P29,"0:00:00") -> 0.30208333 | AA29: =IF(P29="M",Q29-P29,"0:00:00") -> 0:00:00 | AB29: =SUM(Y29:Z29) -> 0.30208333 | AC29: 0.21875 | AD29: =V29=AC29 -> FALSE
A30: 46197 | B30: 0.30208333 | C30: 0.50555556 | D30: 0.51944444 | I30: 0.61458333 | J30: 0 | K30: =IF((D30-C30)<=$F$2,0,(D30-C30)-$F$2) -> 6.2450045e-17 | L30: =(I30-B30)-K30-(H30-G30)-J30 -> 0.3125 | M30: O | P30: =MROUND(L30,"0:15") -> 0.3125 | Q30: =VALUE(MID(TEXT(L30,"hh:mm:ss"),4,2)+Q29)-IF(ABS((MID(TEXT(L30,"hh:mm:ss"),4,2)+Q29)-FLOOR((MID(TEXT(L30,"hh:mm:ss"),4,2)+Q29),15))>ABS((MID(TEXT(L30,"hh:mm:ss"),4,2)+Q29)-CEILING((MID(TEXT(L30,"hh:mm:ss"),4,2)+Q29),15)),CEILING((MID(TEXT(L30,"hh:mm:ss"),4,2)+Q29),15),FLOOR((MID(TEXT(L30,"hh:mm:ss"),4,2)+Q29),15)) -> 3 | T30: =T29-L30 -> 1.1111111 | V30: 0.35416667 | W30: 45280 | Y30: =IF(M30="O",P30 - AA30,"0:00:00") -> 0.3125 | Z30: =IF(M30="C",P30,"0:00:00") -> 0:00:00 | AA30: =IF(P30="M",Q30-P30,"0:00:00") -> 0:00:00 | AB30: =SUM(Y30:Z30) -> 0.3125 | AC30: 0.30208333 | AD30: =V30=AC30 -> FALSE
A31: 46198 | B31: 0.30625 | C31: 0.43888889 | D31: 0.45277778 | I31: 0.59652778 | J31: 0 | K31: =IF((D31-C31)<=$F$2,0,(D31-C31)-$F$2) -> 0 | L31: =(I31-B31)-K31-(H31-G31)-J31 -> 0.29027778 | M31: C | P31: =MROUND(L31,"0:15") -> 0.29166667 | Q31: =VALUE(MID(TEXT(L31,"hh:mm:ss"),4,2)+Q30)-IF(ABS((MID(TEXT(L31,"hh:mm:ss"),4,2)+Q30)-FLOOR((MID(TEXT(L31,"hh:mm:ss"),4,2)+Q30),15))>ABS((MID(TEXT(L31,"hh:mm:ss"),4,2)+Q30)-CEILING((MID(TEXT(L31,"hh:mm:ss"),4,2)+Q30),15)),CEILING((MID(TEXT(L31,"hh:mm:ss"),4,2)+Q30),15),FLOOR((MID(TEXT(L31,"hh:mm:ss"),4,2)+Q30),15)) -> 1 | T31: =T30-L31 -> 0.82083333 | V31: 0.41666667 | W31: 45281 | Y31: =IF(M31="O",P31 - AA31,"0:00:00") -> 0:00:00 | Z31: =IF(M31="C",P31,"0:00:00") -> 0.29166667 | AA31: =IF(P31="M",Q31-P31,"0:00:00") -> 0:00:00 | AB31: =SUM(Y31:Z31) -> 0.29166667 | AC31: 0.30208333 | AD31: =V31=AC31 -> FALSE
A32: 46199 | B32: 0.31111111 | C32: 0.50069444 | D32: 0.51388889 | I32: 0.60277778 | J32: 0 | K32: =IF((D32-C32)<=$F$2,0,(D32-C32)-$F$2) -> 0 | L32: =(I32-B32)-K32-(H32-G32)-J32 -> 0.29166667 | M32: C | P32: =MROUND(L32,"0:15") -> 0.29166667 | Q32: =VALUE(MID(TEXT(L32,"hh:mm:ss"),4,2)+Q31)-IF(ABS((MID(TEXT(L32,"hh:mm:ss"),4,2)+Q31)-FLOOR((MID(TEXT(L32,"hh:mm:ss"),4,2)+Q31),15))>ABS((MID(TEXT(L32,"hh:mm:ss"),4,2)+Q31)-CEILING((MID(TEXT(L32,"hh:mm:ss"),4,2)+Q31),15)),CEILING((MID(TEXT(L32,"hh:mm:ss"),4,2)+Q31),15),FLOOR((MID(TEXT(L32,"hh:mm:ss"),4,2)+Q31),15)) -> 1 | T32: =T31-L32 -> 0.52916667 | V32: 0.35416667 | W32: 45282 | Y32: =IF(M32="O",P32 - AA32,"0:00:00") -> 0:00:00 | Z32: =IF(M32="C",P32,"0:00:00") -> 0.29166667 | AA32: =IF(P32="M",Q32-P32,"0:00:00") -> 0:00:00 | AB32: =SUM(Y32:Z32) -> 0.29166667 | AC32: 0.30208333 | AD32: =V32=AC32 -> FALSE
A33: Semana 4 | L33: =SUM(L28:L32) -> 1.4777778 | P33: =SUM(P28:P32) -> 1.4791667 | W33: Semana 4
Q34: =Q32 -> 1
A35: 46202 | B35: 0.29861111 | C35: 0.46111111 | D35: 0.47430556 | I35: 0.60555556 | J35: 0 | K35: =IF((D35-C35)<=$F$2,0,(D35-C35)-$F$2) -> 0 | L35: =(I35-B35)-K35-(H35-G35)-J35 -> 0.30694444 | M35: O | P35: =MROUND(L35,"0:15") -> 0.30208333 | Q35: =VALUE(MID(TEXT(L35,"hh:mm:ss"),4,2)+Q34)-IF(ABS((MID(TEXT(L35,"hh:mm:ss"),4,2)+Q34)-FLOOR((MID(TEXT(L35,"hh:mm:ss"),4,2)+Q34),15))>ABS((MID(TEXT(L35,"hh:mm:ss"),4,2)+Q34)-CEILING((MID(TEXT(L35,"hh:mm:ss"),4,2)+Q34),15)),CEILING((MID(TEXT(L35,"hh:mm:ss"),4,2)+Q34),15),FLOOR((MID(TEXT(L35,"hh:mm:ss"),4,2)+Q34),15)) -> -7 | T35: =T32-L35 -> 0.22222222 | V35: 0.33333333 | W35: 45285 | Y35: =IF(M35="O",P35 - AA35,"0:00:00") -> 0.30208333 | Z35: =IF(M35="C",P35,"0:00:00") -> 0:00:00 | AA35: =IF(P35="M",Q35-P35,"0:00:00") -> 0:00:00 | AB35: =SUM(Y35:Z35) -> 0.30208333 | AC35: 0.33333333 | AD35: =V35=AC35 -> TRUE
A36: 46203 | B36: 0.35625 | C36: 0.53680556 | D36: 0.55069444 | I36: 0.66388889 | J36: 0 | K36: 0 | L36: =(I36-B36)-K36-(H36-G36)-J36 -> 0.30763889 | M36: C | P36: =MROUND(L36,"0:15") -> 0.3125 | Q36: =VALUE(MID(TEXT(L36,"hh:mm:ss"),4,2)+Q35)-IF(ABS((MID(TEXT(L36,"hh:mm:ss"),4,2)+Q35)-FLOOR((MID(TEXT(L36,"hh:mm:ss"),4,2)+Q35),15))>ABS((MID(TEXT(L36,"hh:mm:ss"),4,2)+Q35)-CEILING((MID(TEXT(L36,"hh:mm:ss"),4,2)+Q35),15)),CEILING((MID(TEXT(L36,"hh:mm:ss"),4,2)+Q35),15),FLOOR((MID(TEXT(L36,"hh:mm:ss"),4,2)+Q35),15)) -> 1 | T36: =T35-L36 -> -0.085416667 | V36: 0.45833333 | W36: 45286 | Y36: =IF(M36="O",P36 - AA36,"0:00:00") -> 0:00:00 | Z36: =IF(M36="C",P36,"0:00:00") -> 0.3125 | AA36: =IF(P36="M",Q36-P36,"0:00:00") -> 0:00:00 | AB36: =SUM(Y36:Z36) -> 0.3125 | AC36: 0.45833333 | AD36: =V36=AC36 -> TRUE
P37: =TIME(MID(TEXT(L37,"hh:mm:ss"),1,2), IF(ABS((MID(TEXT(L37,"hh:mm:ss"),4,2)+Q36)-FLOOR((MID(TEXT(L37,"hh:mm:ss"),4,2)+Q36),15))>=ABS((MID(TEXT(L37,"hh:mm:ss"),4,2)+Q36)-CEILING((MID(TEXT(L37,"hh:mm:ss"),4,2)+Q36),15)),CEILING((MID(TEXT(L37,"hh:mm:ss"),4,2)+Q36),15),FLOOR((MID(TEXT(L37,"hh:mm:ss"),4,2)+Q36),15)), MID(TEXT(L37,"hh:mm:ss"),7,2)) -> 0 | Q37: =VALUE(MID(TEXT(L37,"hh:mm:ss"),4,2)+Q36)-IF(ABS((MID(TEXT(L37,"hh:mm:ss"),4,2)+Q36)-FLOOR((MID(TEXT(L37,"hh:mm:ss"),4,2)+Q36),15))>ABS((MID(TEXT(L37,"hh:mm:ss"),4,2)+Q36)-CEILING((MID(TEXT(L37,"hh:mm:ss"),4,2)+Q36),15)),CEILING((MID(TEXT(L37,"hh:mm:ss"),4,2)+Q36),15),FLOOR((MID(TEXT(L37,"hh:mm:ss"),4,2)+Q36),15)) -> 1 | T37: =T36-L37 -> -0.085416667 | V37: 0.33333333 | W37: 45287 | Y37: =IF(M37="O",P37 - AA37,"0:00:00") -> 0:00:00 | Z37: =IF(M37="C",P37,"0:00:00") -> 0:00:00 | AA37: =IF(P37="M",Q37-P37,"0:00:00") -> 0:00:00 | AB37: =SUM(Y37:Z37) -> 0 | AC37: 0.33333333 | AD37: =V37=AC37 -> TRUE
P38: =TIME(MID(TEXT(L38,"hh:mm:ss"),1,2), IF(ABS((MID(TEXT(L38,"hh:mm:ss"),4,2)+Q37)-FLOOR((MID(TEXT(L38,"hh:mm:ss"),4,2)+Q37),15))>=ABS((MID(TEXT(L38,"hh:mm:ss"),4,2)+Q37)-CEILING((MID(TEXT(L38,"hh:mm:ss"),4,2)+Q37),15)),CEILING((MID(TEXT(L38,"hh:mm:ss"),4,2)+Q37),15),FLOOR((MID(TEXT(L38,"hh:mm:ss"),4,2)+Q37),15)), MID(TEXT(L38,"hh:mm:ss"),7,2)) -> 0 | Q38: =VALUE(MID(TEXT(L38,"hh:mm:ss"),4,2)+Q37)-IF(ABS((MID(TEXT(L38,"hh:mm:ss"),4,2)+Q37)-FLOOR((MID(TEXT(L38,"hh:mm:ss"),4,2)+Q37),15))>ABS((MID(TEXT(L38,"hh:mm:ss"),4,2)+Q37)-CEILING((MID(TEXT(L38,"hh:mm:ss"),4,2)+Q37),15)),CEILING((MID(TEXT(L38,"hh:mm:ss"),4,2)+Q37),15),FLOOR((MID(TEXT(L38,"hh:mm:ss"),4,2)+Q37),15)) -> 1 | T38: =T37-L38 -> -0.085416667 | V38: 0.45833333 | W38: 45288 | Y38: =IF(M38="O",P38 - AA38,"0:00:00") -> 0:00:00 | Z38: =IF(M38="C",P38,"0:00:00") -> 0:00:00 | AA38: =IF(P38="M",Q38-P38,"0:00:00") -> 0:00:00 | AB38: =SUM(Y38:Z38) -> 0 | AC38: 0.45833333 | AD38: =V38=AC38 -> TRUE
P39: =TIME(MID(TEXT(L39,"hh:mm:ss"),1,2), IF(ABS((MID(TEXT(L39,"hh:mm:ss"),4,2)+Q38)-FLOOR((MID(TEXT(L39,"hh:mm:ss"),4,2)+Q38),15))>=ABS((MID(TEXT(L39,"hh:mm:ss"),4,2)+Q38)-CEILING((MID(TEXT(L39,"hh:mm:ss"),4,2)+Q38),15)),CEILING((MID(TEXT(L39,"hh:mm:ss"),4,2)+Q38),15),FLOOR((MID(TEXT(L39,"hh:mm:ss"),4,2)+Q38),15)), MID(TEXT(L39,"hh:mm:ss"),7,2)) -> 0 | Q39: =VALUE(MID(TEXT(L39,"hh:mm:ss"),4,2)+Q38)-IF(ABS((MID(TEXT(L39,"hh:mm:ss"),4,2)+Q38)-FLOOR((MID(TEXT(L39,"hh:mm:ss"),4,2)+Q38),15))>ABS((MID(TEXT(L39,"hh:mm:ss"),4,2)+Q38)-CEILING((MID(TEXT(L39,"hh:mm:ss"),4,2)+Q38),15)),CEILING((MID(TEXT(L39,"hh:mm:ss"),4,2)+Q38),15),FLOOR((MID(TEXT(L39,"hh:mm:ss"),4,2)+Q38),15)) -> 1 | T39: =T38-L39 -> -0.085416667 | W39: 45289 | Y39: =IF(M39="O",P39 - AA39,"0:00:00") -> 0:00:00 | Z39: =IF(M39="C",P39,"0:00:00") -> 0:00:00 | AA39: =IF(P39="M",Q39-P39,"0:00:00") -> 0:00:00 | AB39: =SUM(Y39:Z39) -> 0
A40: Semana 5 | L40: =SUM(L35:L39) -> 0.61458333 | P40: =SUM(P35:P39) -> 0.61458333 | W40: Semana 5
Y42: =SUM(Y7:Y11,Y14:Y18,Y21:Y25,Y28:Y32,Y35:Y39) -> 3.7604167 | Z42: =SUM(Z7:Z11,Z14:Z18,Z21:Z25,Z28:Z32,Z35:Z39) -> 3.15625 | AA42: =SUM(AA7:AA11,AA14:AA18,AA21:AA25,AA28:AA32,AA35:AA39) -> 0 | AB42: =SUM(AB7:AB11,AB14:AB18,AB21:AB25,AB28:AB32,AB35:AB39) -> 6.9166667
A43: Total Mes | L43: =SUM(L33,L26,L19,L12,L40) -> 6.9166667 | P43: =SUM(P12,P19,P26,P33,P40) -> 6.9166667 | V43: =SUM(V7:V42) -> 6.4270833 | AC43: =SUM(AC7:AC42) -> 6.4270833
C44: : | D44: : | Y44: =Y42/C47 -> 0.5436747 | Z44: =Z42/C47 -> 0.4563253 | AA44: =AA42/C47 -> 0 | AB44: =SUM(Y44:AA44) -> 1
A46: HORAS TOTAL MES: | C46: =J1*J2+L1*L2 -> 6.8333333
B47: Hechas: | C47: =L43 -> 6.9166667
B48: Faltan: | C48: =IF(C46>C47,C46-C47,"00:00:00") -> 00:00:00
B49: Sobran: | C49: =IF(C47>C46,C47-C46,"00:00:00") -> 0.083333333
B51: Acumuladas Faltan: | C51: 0 | E51: Saldo Faltan: | F51: =IF(C51>C52,C51-C52,"00:00:00") -> 00:00:00
B52: Acumuladas Sobran: | C52: 0 | E52: Saldo Sobran: | F52: =IF(C52>C51,C52-C51,"00:00:00") -> 00:00:00
A53: Vacaciones: | C53: =Horas!C3-(J1+L1) -> 0 | D53: Vacaciones (J.V): | F53: 0
A54: Puentes Recuperables: | C54: 0 | D54: Puentes Recuperables Acum: | F54: 0
AD55: :

Sheet Julio
A1: Empresa: | B1: IZERTIS | E1: Tiempo min comida | F1: 0.020833333 | I1: Dias Mes: | J1: 22
A2: Nombre: | E2: Tiempo desayuno | F2: 0.013888889 | I2: Horas / Día: | J2: 0.29166667
A3: Mes: | B3: 46204 | E3: % R.Domic. | F3: 50 | I3: Días R.Dom: | J3: 8
N4: Teletrabajo tardes MIXTO
A5: Día | B5: ENTRADA | C5: Salida Desay | D5: Entrada Desay | E5: Salida Comida | F5: Entrada Comida | G5: Hora Salida | H5: Hora Entrada | I5: SALIDA | J5: Total Comida | K5: Total Desayuno | L5: Total Día | M5: Ubic | N5: Entrada Comida | O5: SALIDA | T5: =C46 -> 6.4166667 | V5: JIRA | W5: Día | Y5: CONTROL TELETRABAJO | AC5: IZERTIA | AD5: IZERTIA/JIRA
Q6: 1 | Y6: OFICINA | Z6: CASA | AA6: MIXTA T. | AB6: Total
P7: =MROUND(L7,"0:15") -> 0 | Q7: =VALUE(MID(TEXT(L7,"hh:mm:ss"),4,2)+Q6)-IF(ABS((MID(TEXT(L7,"hh:mm:ss"),4,2)+Q6)-FLOOR((MID(TEXT(L7,"hh:mm:ss"),4,2)+Q6),15))>ABS((MID(TEXT(L7,"hh:mm:ss"),4,2)+Q6)-CEILING((MID(TEXT(L7,"hh:mm:ss"),4,2)+Q6),15)),CEILING((MID(TEXT(L7,"hh:mm:ss"),4,2)+Q6),15),FLOOR((MID(TEXT(L7,"hh:mm:ss"),4,2)+Q6),15)) -> 1 | T7: =T5-L7 -> 6.4166667 | V7: 0 | Y7: =IF(O7="O",V7 - AA7,"0:00:00") -> 0:00:00 | Z7: =IF(M7="C",P7,"0:00:00") -> 0:00:00 | AA7: =IF(P7="M",Q7-P7,"0:00:00") -> 0:00:00 | AB7: =SUM(Y7:Z7) -> 0 | AC7: 0
P8: =MROUND(L8,"0:15") -> 0 | Q8: =VALUE(MID(TEXT(L8,"hh:mm:ss"),4,2)+Q7)-IF(ABS((MID(TEXT(L8,"hh:mm:ss"),4,2)+Q7)-FLOOR((MID(TEXT(L8,"hh:mm:ss"),4,2)+Q7),15))>ABS((MID(TEXT(L8,"hh:mm:ss"),4,2)+Q7)-CEILING((MID(TEXT(L8,"hh:mm:ss"),4,2)+Q7),15)),CEILING((MID(TEXT(L8,"hh:mm:ss"),4,2)+Q7),15),FLOOR((MID(TEXT(L8,"hh:mm:ss"),4,2)+Q7),15)) -> 1 | T8: =T7-L8 -> 6.4166667 | V8: 0 | Y8: =IF(M8="O",P8 - AA8,"0:00:00") -> 0:00:00 | Z8: =IF(M8="C",P8,"0:00:00") -> 0:00:00 | AA8: 0 | AB8: =SUM(Y8:Z8) -> 0 | AC8: 0
A9: 46204 | B9: 0.30208333 | C9: 0.47291667 | D9: 0.48819444 | I9: 0.60902778 | J9: =F9-E9 -> 0 | K9: =IF((D9-C9)<=$F$2,0,(D9-C9)-$F$2) -> 0.0013888889 | L9: =(I9-B9)-K9-(H9-G9)-J9 -> 0.30555556 | M9: O | P9: =MROUND(L9,"0:15") -> 0.30208333 | Q9: =VALUE(MID(TEXT(L9,"hh:mm:ss"),4,2)+Q8)-IF(ABS((MID(TEXT(L9,"hh:mm:ss"),4,2)+Q8)-FLOOR((MID(TEXT(L9,"hh:mm:ss"),4,2)+Q8),15))>ABS((MID(TEXT(L9,"hh:mm:ss"),4,2)+Q8)-CEILING((MID(TEXT(L9,"hh:mm:ss"),4,2)+Q8),15)),CEILING((MID(TEXT(L9,"hh:mm:ss"),4,2)+Q8),15),FLOOR((MID(TEXT(L9,"hh:mm:ss"),4,2)+Q8),15)) -> 6 | T9: =T8-L9 -> 6.1111111 | V9: 0 | Y9: =IF(M9="O",P9 - AA9,"0:00:00") -> 0.30208333 | Z9: =IF(M9="C",P9,"0:00:00") -> 0:00:00 | AA9: =IF(P9="M",Q9-P9,"0:00:00") -> 0:00:00 | AB9: =SUM(Y9:Z9) -> 0.30208333 | AC9: 0 | AD9: =V9=AC9 -> TRUE
A10: 46205 | B10: 0.31180556 | C10: 0.49166667 | D10: 0.50555556 | I10: 0.62222222 | J10: =F10-E10 -> 0 | K10: =IF((D10-C10)<=$F$2,0,(D10-C10)-$F$2) -> 0 | L10: =(I10-B10)-K10-(H10-G10)-J10 -> 0.31041667 | M10: C | P10: =MROUND(L10,"0:15") -> 0.3125 | Q10: =VALUE(MID(TEXT(L10,"hh:mm:ss"),4,2)+Q9)-IF(ABS((MID(TEXT(L10,"hh:mm:ss"),4,2)+Q9)-FLOOR((MID(TEXT(L10,"hh:mm:ss"),4,2)+Q9),15))>ABS((MID(TEXT(L10,"hh:mm:ss"),4,2)+Q9)-CEILING((MID(TEXT(L10,"hh:mm:ss"),4,2)+Q9),15)),CEILING((MID(TEXT(L10,"hh:mm:ss"),4,2)+Q9),15),FLOOR((MID(TEXT(L10,"hh:mm:ss"),4,2)+Q9),15)) -> 3 | T10: =T9-L10 -> 5.8006944 | V10: 0.45833333 | Y10: =IF(M10="O",P10 - AA10,"0:00:00") -> 0:00:00 | Z10: =IF(M10="C",P10,"0:00:00") -> 0.3125 | AA10: =IF(P10="M",Q10-P10,"0:00:00") -> 0:00:00 | AB10: =SUM(Y10:Z10) -> 0.3125 | AC10: 0.45833333 | AD10: =V10=AC10 -> TRUE
A11: 46206 | B11: 0.31527778 | I11: 0.63888889 | J11: 0 | K11: =IF((D11-C11)<=$F$2,0,(D11-C11)-$F$2) -> 0 | L11: =(I11-B11)-K11-(H11-G11)-J11 -> 0.32361111 | M11: C | P11: =MROUND(L11,"0:15") -> 0.32291667 | Q11: =VALUE(MID(TEXT(L11,"hh:mm:ss"),4,2)+Q10)-IF(ABS((MID(TEXT(L11,"hh:mm:ss"),4,2)+Q10)-FLOOR((MID(TEXT(L11,"hh:mm:ss"),4,2)+Q10),15))>ABS((MID(TEXT(L11,"hh:mm:ss"),4,2)+Q10)-CEILING((MID(TEXT(L11,"hh:mm:ss"),4,2)+Q10),15)),CEILING((MID(TEXT(L11,"hh:mm:ss"),4,2)+Q10),15),FLOOR((MID(TEXT(L11,"hh:mm:ss"),4,2)+Q10),15)) -> 4 | T11: =T10-L11 -> 5.4770833 | V11: 0.29166667 | W11: 45261 | Y11: =IF(M11="O",P11 - AA11,"0:00:00") -> 0:00:00 | Z11: =IF(M11="C",P11,"0:00:00") -> 0.32291667 | AA11: =IF(P11="M",Q11-P11,"0:00:00") -> 0:00:00 | AB11: =SUM(Y11:Z11) -> 0.32291667 | AC11: 0.29166667 | AD11: =V11=AC11 -> TRUE
A12: Semana 1 | L12: =SUM(L7:L11) -> 0.93958333 | P12: =SUM(P7:P11) -> 0.9375 | W12: Semana 1
Q13: =Q11 -> 4
A14: 46209 | B14: 0.30625 | C14: 0.49722222 | D14: 0.51180556 | I14: 0.60763889 | J14: =F14-E14 -> 0 | K14: =IF((D14-C14)<=$F$2,0,(D14-C14)-$F$2) -> 0.00069444444 | L14: =(I14-B14)-K14-(H14-G14)-J14 -> 0.30069444 | M14: O | P14: =MROUND(L14,"0:15") -> 0.30208333 | Q14: =VALUE(MID(TEXT(L14,"hh:mm:ss"),4,2)+Q13)-IF(ABS((MID(TEXT(L14,"hh:mm:ss"),4,2)+Q13)-FLOOR((MID(TEXT(L14,"hh:mm:ss"),4,2)+Q13),15))>ABS((MID(TEXT(L14,"hh:mm:ss"),4,2)+Q13)-CEILING((MID(TEXT(L14,"hh:mm:ss"),4,2)+Q13),15)),CEILING((MID(TEXT(L14,"hh:mm:ss"),4,2)+Q13),15),FLOOR((MID(TEXT(L14,"hh:mm:ss"),4,2)+Q13),15)) -> 2 | T14: =T11-L14 -> 5.1763889 | V14: 0.30208333 | W14: 45264 | Y14: =IF(M14="O",P14 - AA14,"0:00:00") -> 0.30208333 | Z14: =IF(M14="C",P14,"0:00:00") -> 0:00:00 | AA14: =IF(P14="M",Q14-P14,"0:00:00") -> 0:00:00 | AB14: =SUM(Y14:Z14) -> 0.30208333 | AC14: 0.30208333 | AD14: =V14=AC14 -> TRUE
A15: 46210 | B15: 0.35277778 | C15: 0.50416667 | D15: 0.51527778 | I15: 0.63402778 | J15: =F15-E15 -> 0 | K15: =IF((D15-C15)<=$F$2,0,(D15-C15)-$F$2) -> 0 | L15: =(I15-B15)-K15-(H15-G15)-J15 -> 0.28125 | M15: C | P15: =MROUND(L15,"0:15") -> 0.28125 | Q15: =VALUE(MID(TEXT(L15,"hh:mm:ss"),4,2)+Q14)-IF(ABS((MID(TEXT(L15,"hh:mm:ss"),4,2)+Q14)-FLOOR((MID(TEXT(L15,"hh:mm:ss"),4,2)+Q14),15))>ABS((MID(TEXT(L15,"hh:mm:ss"),4,2)+Q14)-CEILING((MID(TEXT(L15,"hh:mm:ss"),4,2)+Q14),15)),CEILING((MID(TEXT(L15,"hh:mm:ss"),4,2)+Q14),15),FLOOR((MID(TEXT(L15,"hh:mm:ss"),4,2)+Q14),15)) -> 2 | T15: =T14-L15 -> 4.8951389 | V15: 0.25 | W15: 45265 | Y15: =IF(M15="O",P15 - AA15,"0:00:00") -> 0:00:00 | Z15: =IF(M15="C",P15,"0:00:00") -> 0.28125 | AA15: =IF(P15="M",Q15-P15,"0:00:00") -> 0:00:00 | AB15: =SUM(Y15:Z15) -> 0.28125 | AC15: 0.25 | AD15: =V15=AC15 -> TRUE
A16: 46211 | B16: 0.36736111 | C16: 0.48888889 | D16: 0.50138889 | I16: 0.66944444 | J16: =F16-E16 -> 0 | K16: =IF((D16-C16)<=$F$2,0,(D16-C16)-$F$2) -> 0 | L16: =(I16-B16)-K16-(H16-G16)-J16 -> 0.30208333 | M16: O | P16: =MROUND(L16,"0:15") -> 0.30208333 | Q16: =VALUE(MID(TEXT(L16,"hh:mm:ss"),4,2)+Q15)-IF(ABS((MID(TEXT(L16,"hh:mm:ss"),4,2)+Q15)-FLOOR((MID(TEXT(L16,"hh:mm:ss"),4,2)+Q15),15))>ABS((MID(TEXT(L16,"hh:mm:ss"),4,2)+Q15)-CEILING((MID(TEXT(L16,"hh:mm:ss"),4,2)+Q15),15)),CEILING((MID(TEXT(L16,"hh:mm:ss"),4,2)+Q15),15),FLOOR((MID(TEXT(L16,"hh:mm:ss"),4,2)+Q15),15)) -> 2 | T16: =T15-P16 -> 4.5930556 | V16: 0.23958333 | W16: 45266 | Y16: =IF(M16="O",P16 - AA16,"0:00:00") -> 0.30208333 | Z16: =IF(M16="C",P16,"0:00:00") -> 0:00:00 | AA16: =IF(P16="M",Q16-P16,"0:00:00") -> 0:00:00 | AB16: =SUM(Y16:Z16) -> 0.30208333 | AC16: 0.23958333 | AD16: =V16=AC16 -> TRUE
A17: 46212 | B17: 0.34027778 | C17: 0.54236111 | D17: 0.55625 | I17: 0.62083333 | J17: =F17-E17 -> 0 | K17: =IF((D17-C17)<=$F$2,0,(D17-C17)-$F$2) -> 0 | L17: =(I17-B17)-K17-(H17-G17)-J17 -> 0.28055556 | M17: C | P17: =MROUND(L17,"0:15") -> 0.28125 | Q17: =VALUE(MID(TEXT(L17,"hh:mm:ss"),4,2)+Q16)-IF(ABS((MID(TEXT(L17,"hh:mm:ss"),4,2)+Q16)-FLOOR((MID(TEXT(L17,"hh:mm:ss"),4,2)+Q16),15))>ABS((MID(TEXT(L17,"hh:mm:ss"),4,2)+Q16)-CEILING((MID(TEXT(L17,"hh:mm:ss"),4,2)+Q16),15)),CEILING((MID(TEXT(L17,"hh:mm:ss"),4,2)+Q16),15),FLOOR((MID(TEXT(L17,"hh:mm:ss"),4,2)+Q16),15)) -> 1 | T17: =T16-P17 -> 4.3118056 | V17: 0 | W17: 45267 | Y17: =IF(M17="O",P17 - AA17,"0:00:00") -> 0:00:00 | Z17: =IF(M17="C",P17,"0:00:00") -> 0.28125 | AA17: =IF(P17="M",Q17-P17,"0:00:00") -> 0:00:00 | AB17: =SUM(Y17:Z17) -> 0.28125 | AC17: 0 | AD17: =V17=AC17 -> TRUE
A18: 46213 | J18: 0 | K18: =IF((D18-C18)<=$F$2,0,(D18-C18)-$F$2) -> 0 | L18: =(I18-B18)-K18-(H18-G18)-J18 -> 0 | M18: C | P18: =MROUND(L18,"0:15") -> 0 | Q18: =VALUE(MID(TEXT(L18,"hh:mm:ss"),4,2)+Q17)-IF(ABS((MID(TEXT(L18,"hh:mm:ss"),4,2)+Q17)-FLOOR((MID(TEXT(L18,"hh:mm:ss"),4,2)+Q17),15))>ABS((MID(TEXT(L18,"hh:mm:ss"),4,2)+Q17)-CEILING((MID(TEXT(L18,"hh:mm:ss"),4,2)+Q17),15)),CEILING((MID(TEXT(L18,"hh:mm:ss"),4,2)+Q17),15),FLOOR((MID(TEXT(L18,"hh:mm:ss"),4,2)+Q17),15)) -> 1 | T18: =T17-L18 -> 4.3118056 | V18: 0 | W18: 45268 | Y18: =IF(M18="O",P18 - AA18,"0:00:00") -> 0:00:00 | Z18: =IF(M18="C",P18,"0:00:00") -> 0 | AA18: =IF(P18="M",Q18-P18,"0:00:00") -> 0:00:00 | AB18: =SUM(Y18:Z18) -> 0 | AC18: 0 | AD18: =V18=AC18 -> TRUE
A19: Semana 2 | L19: =SUM(L14:L18) -> 1.1645833 | P19: =SUM(P14:P18) -> 1.1666667 | W19: Semana 2
Q20: =Q18 -> 1
A21: 46216 | B21: 0.30347222 | I21: 0.59513889 | J21: =F21-E21 -> 0 | K21: =IF((D21-C21)<=$F$2,0,(D21-C21)-$F$2) -> 0 | L21: =(I21-B21)-K21-(H21-G21)-J21 -> 0.29166667 | M21: O | P21: =MROUND(L21,"0:15") -> 0.29166667 | Q21: =VALUE(MID(TEXT(L21,"hh:mm:ss"),4,2)+Q20)-IF(ABS((MID(TEXT(L21,"hh:mm:ss"),4,2)+Q20)-FLOOR((MID(TEXT(L21,"hh:mm:ss"),4,2)+Q20),15))>ABS((MID(TEXT(L21,"hh:mm:ss"),4,2)+Q20)-CEILING((MID(TEXT(L21,"hh:mm:ss"),4,2)+Q20),15)),CEILING((MID(TEXT(L21,"hh:mm:ss"),4,2)+Q20),15),FLOOR((MID(TEXT(L21,"hh:mm:ss"),4,2)+Q20),15)) -> 1 | T21: =T18-L21 -> 4.0201389 | V21: 0.36458333 | W21: 45271 | Y21: =IF(M21="O",P21 - AA21,"0:00:00") -> 0.29166667 | Z21: =IF(M21="C",P21,"0:00:00") -> 0:00:00 | AA21: =IF(P21="M",Q21-P21,"0:00:00") -> 0:00:00 | AB21: =SUM(Y21:Z21) -> 0.29166667 | AC21: 0.36458333 | AD21: =V21=AC21 -> TRUE
A22: 46217 | B22: 0.33472222 | C22: 0.54027778 | D22: 0.55416667 | I22: 0.64097222 | J22: =F22-E22 -> 0 | K22: =IF((D22-C22)<=$F$2,0,(D22-C22)-$F$2) -> 6.2450045e-17 | L22: =(I22-B22)-K22-(H22-G22)-J22 -> 0.30625 | M22: C | P22: =MROUND(L22,"0:15") -> 0.30208333 | Q22: =VALUE(MID(TEXT(L22,"hh:mm:ss"),4,2)+Q21)-IF(ABS((MID(TEXT(L22,"hh:mm:ss"),4,2)+Q21)-FLOOR((MID(TEXT(L22,"hh:mm:ss"),4,2)+Q21),15))>ABS((MID(TEXT(L22,"hh:mm:ss"),4,2)+Q21)-CEILING((MID(TEXT(L22,"hh:mm:ss"),4,2)+Q21),15)),CEILING((MID(TEXT(L22,"hh:mm:ss"),4,2)+Q21),15),FLOOR((MID(TEXT(L22,"hh:mm:ss"),4,2)+Q21),15)) -> 7 | T22: =T21-L22 -> 3.7138889 | V22: 0.36458333 | W22: 45272 | Y22: =IF(M22="O",P22 - AA22,"0:00:00") -> 0:00:00 | Z22: =IF(M22="C",P22,"0:00:00") -> 0.30208333 | AA22: =IF(P22="M",Q22-P22,"0:00:00") -> 0:00:00 | AB22: =SUM(Y22:Z22) -> 0.30208333 | AC22: 0.36458333 | AD22: =V22=AC22 -> TRUE
A23: 46218 | B23: 0.30416667 | C23: 0.48263889 | D23: 0.49652778 | I23: 0.61319444 | J23: =F23-E23 -> 0 | K23: =IF((D23-C23)<=$F$2,0,(D23-C23)-$F$2) -> 0 | L23: =(I23-B23)-K23-(H23-G23)-J23 -> 0.30902778 | M23: O | P23: =MROUND(L23,"0:15") -> 0.3125 | Q23: =VALUE(MID(TEXT(L23,"hh:mm:ss"),4,2)+Q22)-IF(ABS((MID(TEXT(L23,"hh:mm:ss"),4,2)+Q22)-FLOOR((MID(TEXT(L23,"hh:mm:ss"),4,2)+Q22),15))>ABS((MID(TEXT(L23,"hh:mm:ss"),4,2)+Q22)-CEILING((MID(TEXT(L23,"hh:mm:ss"),4,2)+Q22),15)),CEILING((MID(TEXT(L23,"hh:mm:ss"),4,2)+Q22),15),FLOOR((MID(TEXT(L23,"hh:mm:ss"),4,2)+Q22),15)) -> 2 | T23: =T22-L23 -> 3.4048611 | V23: 0.45833333 | W23: 45273 | Y23: =IF(M23="O",P23 - AA23,"0:00:00") -> 0.3125 | Z23: =IF(M23="C",P23,"0:00:00") -> 0:00:00 | AA23: =IF(P23="M",Q23-P23,"0:00:00") -> 0:00:00 | AB23: =SUM(Y23:Z23) -> 0.3125 | AC23: 0.45833333 | AD23: =V23=AC23 -> TRUE
A24: 46219 | B24: 0.30138889 | C24: 0.49375 | D24: 0.50763889 | I24: 0.62361111 | J24: =F24-E24 -> 0 | K24: =IF((D24-C24)<=$F$2,0,(D24-C24)-$F$2) -> 0 | L24: =(I24-B24)-K24-(H24-G24)-J24 -> 0.32222222 | M24: O | P24: =MROUND(L24,"0:15") -> 0.32291667 | Q24: =VALUE(MID(TEXT(L24,"hh:mm:ss"),4,2)+Q23)-IF(ABS((MID(TEXT(L24,"hh:mm:ss"),4,2)+Q23)-FLOOR((MID(TEXT(L24,"hh:mm:ss"),4,2)+Q23),15))>ABS((MID(TEXT(L24,"hh:mm:ss"),4,2)+Q23)-CEILING((MID(TEXT(L24,"hh:mm:ss"),4,2)+Q23),15)),CEILING((MID(TEXT(L24,"hh:mm:ss"),4,2)+Q23),15),FLOOR((MID(TEXT(L24,"hh:mm:ss"),4,2)+Q23),15)) -> 1 | T24: =T23-L24 -> 3.0826389 | V24: 0.32291667 | W24: 45274 | Y24: =IF(M24="O",P24 - AA24,"0:00:00") -> 0.32291667 | Z24: =IF(M24="C",P24,"0:00:00") -> 0:00:00 | AA24: =IF(P24="M",Q24-P24,"0:00:00") -> 0:00:00 | AB24: =SUM(Y24:Z24) -> 0.32291667 | AC24: 0.32291667 | AD24: =V24=AC24 -> TRUE
A25: 46220 | B25: 0.35277778 | I25: 0.66527778 | J25: 0 | K25: =IF((D25-C25)<=$F$2,0,(D25-C25)-$F$2) -> 0 | L25: =(I25-B25)-K25-(H25-G25)-J25 -> 0.3125 | M25: C | P25: =MROUND(L25,"0:15") -> 0.3125 | Q25: =VALUE(MID(TEXT(L25,"hh:mm:ss"),4,2)+Q24)-IF(ABS((MID(TEXT(L25,"hh:mm:ss"),4,2)+Q24)-FLOOR((MID(TEXT(L25,"hh:mm:ss"),4,2)+Q24),15))>ABS((MID(TEXT(L25,"hh:mm:ss"),4,2)+Q24)-CEILING((MID(TEXT(L25,"hh:mm:ss"),4,2)+Q24),15)),CEILING((MID(TEXT(L25,"hh:mm:ss"),4,2)+Q24),15),FLOOR((MID(TEXT(L25,"hh:mm:ss"),4,2)+Q24),15)) -> 1 | T25: =T24-L25 -> 2.7701389 | V25: 0.36458333 | W25: 45275 | Y25: =IF(M25="O",P25 - AA25,"0:00:00") -> 0:00:00 | Z25: =IF(M25="C",P25,"0:00:00") -> 0.3125 | AA25: =IF(P25="M",Q25-P25,"0:00:00") -> 0:00:00 | AB25: =SUM(Y25:Z25) -> 0.3125 | AC25: 0.36458333 | AD25: =V25=AC25 -> TRUE
A26: Semana 3 | L26: =SUM(L21:L25) -> 1.5416667 | P26: =SUM(P21:P25) -> 1.5416667 | W26: Semana 3
Q27: =Q25 -> 1
A28: 46223 | B28: 0.35555556 | C28: 0.50555556 | D28: 0.51944444 | I28: 0.64722222 | J28: =F28-E28 -> 0 | K28: =IF((D28-C28)<=$F$2,0,(D28-C28)-$F$2) -> 6.2450045e-17 | L28: =(I28-B28)-K28-(H28-G28)-J28 -> 0.29166667 | M28: O | P28: =MROUND(L28,"0:15") -> 0.29166667 | Q28: =VALUE(MID(TEXT(L28,"hh:mm:ss"),4,2)+Q27)-IF(ABS((MID(TEXT(L28,"hh:mm:ss"),4,2)+Q27)-FLOOR((MID(TEXT(L28,"hh:mm:ss"),4,2)+Q27),15))>ABS((MID(TEXT(L28,"hh:mm:ss"),4,2)+Q27)-CEILING((MID(TEXT(L28,"hh:mm:ss"),4,2)+Q27),15)),CEILING((MID(TEXT(L28,"hh:mm:ss"),4,2)+Q27),15),FLOOR((MID(TEXT(L28,"hh:mm:ss"),4,2)+Q27),15)) -> 1 | T28: =T25-L28 -> 2.4784722 | V28: 0.30208333 | W28: 45278 | Y28: =IF(M28="O",P28 - AA28,"0:00:00") -> 0.29166667 | Z28: =IF(M28="C",P28,"0:00:00") -> 0:00:00 | AA28: =IF(P28="M",Q28-P28,"0:00:00") -> 0:00:00 | AB28: =SUM(Y28:Z28) -> 0.29166667 | AC28: 0.30208333 | AD28: =V28=AC28 -> TRUE
A29: 46224 | B29: 0.36319444 | C29: 0.53333333 | D29: 0.54722222 | I29: 0.61388889 | J29: =F29-E29 -> 0 | K29: =IF((D29-C29)<=$F$2,0,(D29-C29)-$F$2) -> 0 | L29: =(I29-B29)-K29-(H29-G29)-J29 -> 0.25069444 | M29: C | P29: =MROUND(L29,"0:15") -> 0.25 | Q29: =VALUE(MID(TEXT(L29,"hh:mm:ss"),4,2)+Q28)-IF(ABS((MID(TEXT(L29,"hh:mm:ss"),4,2)+Q28)-FLOOR((MID(TEXT(L29,"hh:mm:ss"),4,2)+Q28),15))>ABS((MID(TEXT(L29,"hh:mm:ss"),4,2)+Q28)-CEILING((MID(TEXT(L29,"hh:mm:ss"),4,2)+Q28),15)),CEILING((MID(TEXT(L29,"hh:mm:ss"),4,2)+Q28),15),FLOOR((MID(TEXT(L29,"hh:mm:ss"),4,2)+Q28),15)) -> 2 | T29: =T28-L29 -> 2.2277778 | V29: 0 | W29: 45279 | Y29: =IF(M29="O",P29 - AA29,"0:00:00") -> 0:00:00 | Z29: =IF(M29="C",P29,"0:00:00") -> 0.25 | AA29: =IF(P29="M",Q29-P29,"0:00:00") -> 0:00:00 | AB29: =SUM(Y29:Z29) -> 0.25 | AC29: 0.21875 | AD29: =V29=AC29 -> FALSE
A30: 46225 | B30: 0.31527778 | C30: 0.50763889 | D30: 0.51736111 | I30: 0.62638889 | J30: =F30-E30 -> 0 | K30: =IF((D30-C30)<=$F$2,0,(D30-C30)-$F$2) -> 0 | L30: =(I30-B30)-K30-(H30-G30)-J30 -> 0.31111111 | M30: O | P30: =MROUND(L30,"0:15") -> 0.3125 | Q30: =VALUE(MID(TEXT(L30,"hh:mm:ss"),4,2)+Q29)-IF(ABS((MID(TEXT(L30,"hh:mm:ss"),4,2)+Q29)-FLOOR((MID(TEXT(L30,"hh:mm:ss"),4,2)+Q29),15))>ABS((MID(TEXT(L30,"hh:mm:ss"),4,2)+Q29)-CEILING((MID(TEXT(L30,"hh:mm:ss"),4,2)+Q29),15)),CEILING((MID(TEXT(L30,"hh:mm:ss"),4,2)+Q29),15),FLOOR((MID(TEXT(L30,"hh:mm:ss"),4,2)+Q29),15)) -> 0 | T30: =T29-L30 -> 1.9166667 | V30: 0.35416667 | W30: 45280 | Y30: =IF(M30="O",P30 - AA30,"0:00:00") -> 0.3125 | Z30: =IF(M30="C",P30,"0:00:00") -> 0:00:00 | AA30: =IF(P30="M",Q30-P30,"0:00:00") -> 0:00:00 | AB30: =SUM(Y30:Z30) -> 0.3125 | AC30: 0.30208333 | AD30: =V30=AC30 -> FALSE
A31: 46226 | B31: 0.33611111 | C31: 0.50347222 | D31: 0.51736111 | I31: 0.65833333 | J31: =F31-E31 -> 0 | K31: =IF((D31-C31)<=$F$2,0,(D31-C31)-$F$2) -> 0 | L31: =(I31-B31)-K31-(H31-G31)-J31 -> 0.32222222 | M31: C | P31: =MROUND(L31,"0:15") -> 0.32291667 | Q31: =VALUE(MID(TEXT(L31,"hh:mm:ss"),4,2)+Q30)-IF(ABS((MID(TEXT(L31,"hh:mm:ss"),4,2)+Q30)-FLOOR((MID(TEXT(L31,"hh:mm:ss"),4,2)+Q30),15))>ABS((MID(TEXT(L31,"hh:mm:ss"),4,2)+Q30)-CEILING((MID(TEXT(L31,"hh:mm:ss"),4,2)+Q30),15)),CEILING((MID(TEXT(L31,"hh:mm:ss"),4,2)+Q30),15),FLOOR((MID(TEXT(L31,"hh:mm:ss"),4,2)+Q30),15)) -> -1 | T31: =T30-L31 -> 1.5944444 | V31: 0.41666667 | W31: 45281 | Y31: =IF(M31="O",P31 - AA31,"0:00:00") -> 0:00:00 | Z31: =IF(M31="C",P31,"0:00:00") -> 0.32291667 | AA31: =IF(P31="M",Q31-P31,"0:00:00") -> 0:00:00 | AB31: =SUM(Y31:Z31) -> 0.32291667 | AC31: 0.30208333 | AD31: =V31=AC31 -> FALSE
A32: 46227 | B32: 0.3375 | C32: 0.54166667 | D32: 0.55208333 | I32: 0.62013889 | J32: 0 | K32: =IF((D32-C32)<=$F$2,0,(D32-C32)-$F$2) -> 0 | L32: =(I32-B32)-K32-(H32-G32)-J32 -> 0.28263889 | M32: C | P32: =MROUND(L32,"0:15") -> 0.28125 | Q32: =VALUE(MID(TEXT(L32,"hh:mm:ss"),4,2)+Q31)-IF(ABS((MID(TEXT(L32,"hh:mm:ss"),4,2)+Q31)-FLOOR((MID(TEXT(L32,"hh:mm:ss"),4,2)+Q31),15))>ABS((MID(TEXT(L32,"hh:mm:ss"),4,2)+Q31)-CEILING((MID(TEXT(L32,"hh:mm:ss"),4,2)+Q31),15)),CEILING((MID(TEXT(L32,"hh:mm:ss"),4,2)+Q31),15),FLOOR((MID(TEXT(L32,"hh:mm:ss"),4,2)+Q31),15)) -> 1 | T32: =T31-L32 -> 1.3118056 | V32: 0.35416667 | W32: 45282 | Y32: =IF(M32="O",P32 - AA32,"0:00:00") -> 0:00:00 | Z32: =IF(M32="C",P32,"0:00:00") -> 0.28125 | AA32: =IF(P32="M",Q32-P32,"0:00:00") -> 0:00:00 | AB32: =SUM(Y32:Z32) -> 0.28125 | AC32: 0.30208333 | AD32: =V32=AC32 -> FALSE
A33: Semana 4 | L33: =SUM(L28:L32) -> 1.4583333 | P33: =SUM(P28:P32) -> 1.4583333 | W33: Semana 4
Q34: =Q32 -> 1
A35: 46230 | B35: 0.29722222 | C35: 0.50763889 | D35: 0.52222222 | I35: 0.59097222 | J35: 0 | K35: =IF((D35-C35)<=$F$2,0,(D35-C35)-$F$2) -> 0.00069444444 | L35: =(I35-B35)-K35-(H35-G35)-J35 -> 0.29305556 | M35: O | P35: =MROUND(L35,"0:15") -> 0.29166667 | Q35: =VALUE(MID(TEXT(L35,"hh:mm:ss"),4,2)+Q34)-IF(ABS((MID(TEXT(L35,"hh:mm:ss"),4,2)+Q34)-FLOOR((MID(TEXT(L35,"hh:mm:ss"),4,2)+Q34),15))>ABS((MID(TEXT(L35,"hh:mm:ss"),4,2)+Q34)-CEILING((MID(TEXT(L35,"hh:mm:ss"),4,2)+Q34),15)),CEILING((MID(TEXT(L35,"hh:mm:ss"),4,2)+Q34),15),FLOOR((MID(TEXT(L35,"hh:mm:ss"),4,2)+Q34),15)) -> 3 | T35: =T32-L35 -> 1.01875 | V35: 0.33333333 | W35: 45285 | Y35: =IF(M35="O",P35 - AA35,"0:00:00") -> 0.29166667 | Z35: =IF(M35="C",P35,"0:00:00") -> 0:00:00 | AA35: =IF(P35="M",Q35-P35,"0:00:00") -> 0:00:00 | AB35: =SUM(Y35:Z35) -> 0.29166667 | AC35: 0.33333333 | AD35: =V35=AC35 -> TRUE
A36: 46231 | B36: 0.32361111 | C36: 0.52083333 | D36: 0.53472222 | I36: 0.64583333 | J36: 0 | K36: =IF((D36-C36)<=$F$2,0,(D36-C36)-$F$2) -> 0 | L36: =(I36-B36)-K36-(H36-G36)-J36 -> 0.32222222 | M36: C | P36: =MROUND(L36,"0:15") -> 0.32291667 | Q36: =VALUE(MID(TEXT(L36,"hh:mm:ss"),4,2)+Q35)-IF(ABS((MID(TEXT(L36,"hh:mm:ss"),4,2)+Q35)-FLOOR((MID(TEXT(L36,"hh:mm:ss"),4,2)+Q35),15))>ABS((MID(TEXT(L36,"hh:mm:ss"),4,2)+Q35)-CEILING((MID(TEXT(L36,"hh:mm:ss"),4,2)+Q35),15)),CEILING((MID(TEXT(L36,"hh:mm:ss"),4,2)+Q35),15),FLOOR((MID(TEXT(L36,"hh:mm:ss"),4,2)+Q35),15)) -> 2 | T36: =T35-L36 -> 0.69652778 | V36: 0.45833333 | W36: 45286 | Y36: =IF(M36="O",P36 - AA36,"0:00:00") -> 0:00:00 | Z36: =IF(M36="C",P36,"0:00:00") -> 0.32291667 | AA36: =IF(P36="M",Q36-P36,"0:00:00") -> 0:00:00 | AB36: =SUM(Y36:Z36) -> 0.32291667 | AC36: 0.45833333 | AD36: =V36=AC36 -> TRUE
A37: 46232 | B37: 0.35763889 | C37: 0.48263889 | D37: 0.49513889 | I37: 0.68402778 | J37: 0 | K37: =IF((D37-C37)<=$F$2,0,(D37-C37)-$F$2) -> 0 | L37: =(I37-B37)-K37-(H37-G37)-J37 -> 0.32638889 | M37: O | P37: =MROUND(L37,"0:15") -> 0.32291667 | Q37: =VALUE(MID(TEXT(L37,"hh:mm:ss"),4,2)+Q36)-IF(ABS((MID(TEXT(L37,"hh:mm:ss"),4,2)+Q36)-FLOOR((MID(TEXT(L37,"hh:mm:ss"),4,2)+Q36),15))>ABS((MID(TEXT(L37,"hh:mm:ss"),4,2)+Q36)-CEILING((MID(TEXT(L37,"hh:mm:ss"),4,2)+Q36),15)),CEILING((MID(TEXT(L37,"hh:mm:ss"),4,2)+Q36),15),FLOOR((MID(TEXT(L37,"hh:mm:ss"),4,2)+Q36),15)) -> 7 | T37: =T36-L37 -> 0.37013889 | V37: 0.33333333 | W37: 45287 | Y37: =IF(M37="O",P37 - AA37,"0:00:00") -> 0.32291667 | Z37: =IF(M37="C",P37,"0:00:00") -> 0:00:00 | AA37: =IF(P37="M",Q37-P37,"0:00:00") -> 0:00:00 | AB37: =SUM(Y37:Z37) -> 0.32291667 | AC37: 0.33333333 | AD37: =V37=AC37 -> TRUE
A38: 46233 | B38: 0.30625 | C38: 0.45138889 | D38: 0.46458333 | I38: 0.58888889 | J38: 0 | K38: =IF((D38-C38)<=$F$2,0,(D38-C38)-$F$2) -> 0 | L38: =(I38-B38)-K38-(H38-G38)-J38 -> 0.28263889 | M38: O | P38: =MROUND(L38,"0:15") -> 0.28125 | Q38: =VALUE(MID(TEXT(L38,"hh:mm:ss"),4,2)+Q37)-IF(ABS((MID(TEXT(L38,"hh:mm:ss"),4,2)+Q37)-FLOOR((MID(TEXT(L38,"hh:mm:ss"),4,2)+Q37),15))>ABS((MID(TEXT(L38,"hh:mm:ss"),4,2)+Q37)-CEILING((MID(TEXT(L38,"hh:mm:ss"),4,2)+Q37),15)),CEILING((MID(TEXT(L38,"hh:mm:ss"),4,2)+Q37),15),FLOOR((MID(TEXT(L38,"hh:mm:ss"),4,2)+Q37),15)) -> -6 | T38: =T37-L38 -> 0.0875 | V38: 0.45833333 | W38: 45288 | Y38: =IF(M38="O",P38 - AA38,"0:00:00") -> 0.28125 | Z38: =IF(M38="C",P38,"0:00:00") -> 0:00:00 | AA38: =IF(P38="M",Q38-P38,"0:00:00") -> 0:00:00 | AB38: =SUM(Y38:Z38) -> 0.28125 | AC38: 0.45833333 | AD38: =V38=AC38 -> TRUE
A39: 46234 | B39: 0.33194444 | C39: 0.52847222 | D39: 0.54236111 | I39: 0.62916667 | J39: 0 | K39: =IF((D39-C39)<=$F$2,0,(D39-C39)-$F$2) -> 6.2450045e-17 | L39: =(I39-B39)-K39-(H39-G39)-J39 -> 0.29722222 | M39: C | P39: =MROUND(L39,"0:15") -> 0.30208333 | Q39: =VALUE(MID(TEXT(L39,"hh:mm:ss"),4,2)+Q38)-IF(ABS((MID(TEXT(L39,"hh:mm:ss"),4,2)+Q38)-FLOOR((MID(TEXT(L39,"hh:mm:ss"),4,2)+Q38),15))>ABS((MID(TEXT(L39,"hh:mm:ss"),4,2)+Q38)-CEILING((MID(TEXT(L39,"hh:mm:ss"),4,2)+Q38),15)),CEILING((MID(TEXT(L39,"hh:mm:ss"),4,2)+Q38),15),FLOOR((MID(TEXT(L39,"hh:mm:ss"),4,2)+Q38),15)) -> 2 | T39: =T38-L39 -> -0.20972222 | W39: 45289 | Y39: =IF(M39="O",P39 - AA39,"0:00:00") -> 0:00:00 | Z39: =IF(M39="C",P39,"0:00:00") -> 0.30208333 | AA39: =IF(P39="M",Q39-P39,"0:00:00") -> 0:00:00 | AB39: =SUM(Y39:Z39) -> 0.30208333
A40: Semana 5 | L40: =SUM(L35:L39) -> 1.5215278 | P40: =SUM(P35:P39) -> 1.5208333 | W40: Semana 5
Y42: =SUM(Y7:Y11,Y14:Y18,Y21:Y25,Y28:Y32,Y35:Y39) -> 3.3333333 | Z42: =SUM(Z7:Z11,Z14:Z18,Z21:Z25,Z28:Z32,Z35:Z39) -> 3.2916667 | AA42: =SUM(AA7:AA11,AA14:AA18,AA21:AA25,AA28:AA32,AA35:AA39) -> 0 | AB42: =SUM(AB7:AB11,AB14:AB18,AB21:AB25,AB28:AB32,AB35:AB39) -> 6.625
A43: Total Mes | L43: =SUM(L33,L26,L19,L12,L40) -> 6.6256944 | P43: =SUM(P12,P19,P26,P33,P40) -> 6.625 | V43: =SUM(V7:V42) -> 6.4270833 | AC43: =SUM(AC7:AC42) -> 6.4270833
Y44: =Y42/C47 -> 0.50309192 | Z44: =Z42/C47 -> 0.49680327 | AA44: =AA42/C47 -> 0 | AB44: =SUM(Y44:AA44) -> 0.99989519
A46: HORAS TOTAL MES: | C46: =J1*J2 -> 6.4166667
B47: Hechas: | C47: =L43 -> 6.6256944
B48: Faltan: | C48: =IF(C46>C47,C46-C47,"00:00:00") -> 00:00:00
B49: Sobran: | C49: =IF(C47>C46,C47-C46,"00:00:00") -> 0.20902778
B51: Acumuladas Faltan: | C51: 0 | E51: Saldo Faltan: | F51: =IF(C51>C52,C51-C52,"00:00:00") -> 00:00:00
B52: Acumuladas Sobran: | C52: 0 | E52: Saldo Sobran: | F52: =IF(C52>C51,C52-C51,"00:00:00") -> 00:00:00
A53: Vacaciones: | C53: =Horas!D3-J1 -> 1 | D53: Vacaciones Acumuladas: | F53: 0
A54: Puentes Recuperables: | C54: 0 | D54: Puentes Recuperables Acum: | F54: 0
AD55: :

Sheet Agosto
A1: Empresa: | B1: IZERTIS | E1: Tiempo min comida | F1: 0.020833333 | I1: Dias Mes: | J1: 9
A2: Nombre: | E2: Tiempo desayuno | F2: 0.013888889 | I2: Horas / Día: | J2: 0.29166667
A3: Mes: | B3: 46235 | E3: % R.Domic. | F3: 50 | I3: Días R.Dom: | J3: 0
N4: Teletrabajo tardes MIXTO
A5: Día | B5: ENTRADA | C5: Salida Desay | D5: Entrada Desay | E5: Salida Comida | F5: Entrada Comida | G5: Hora Salida | H5: Hora Entrada | I5: SALIDA | J5: Total Comida | K5: Total Desayuno | L5: Total Día | M5: Ubic | N5: Entrada Comida | O5: SALIDA | T5: =C46 -> 2.625 | V5: JIRA | W5: Día | Y5: CONTROL TELETRABAJO | AC5: IZERTIA | AD5: IZERTIA/JIRA
Q6: 1 | Y6: OFICINA | Z6: CASA | AA6: MIXTA T. | AB6: Total
A7: 46237 | B7: 0.30347222 | C7: 0.48194444 | D7: 0.49583333 | I7: 0.59583333 | J7: =F7-E7 -> 0 | K7: =IF((D7-C7)<=$F$2,0,(D7-C7)-$F$2) -> 0 | L7: =(I7-B7)-K7-(H7-G7)-J7 -> 0.29236111 | M7: O | P7: =MROUND(L7,"0:15") -> 0.29166667 | Q7: =VALUE(MID(TEXT(L7,"hh:mm:ss"),4,2)+Q6)-IF(ABS((MID(TEXT(L7,"hh:mm:ss"),4,2)+Q6)-FLOOR((MID(TEXT(L7,"hh:mm:ss"),4,2)+Q6),15))>ABS((MID(TEXT(L7,"hh:mm:ss"),4,2)+Q6)-CEILING((MID(TEXT(L7,"hh:mm:ss"),4,2)+Q6),15)),CEILING((MID(TEXT(L7,"hh:mm:ss"),4,2)+Q6),15),FLOOR((MID(TEXT(L7,"hh:mm:ss"),4,2)+Q6),15)) -> 2 | T7: =T5-L7 -> 2.3326389 | V7: 0 | Y7: =IF(O7="O",V7 - AA7,"0:00:00") -> 0:00:00 | Z7: =IF(M7="C",P7,"0:00:00") -> 0:00:00 | AA7: =IF(P7="M",Q7-P7,"0:00:00") -> 0:00:00 | AB7: =SUM(Y7:Z7) -> 0 | AC7: 0
A8: 46238 | B8: 0.33263889 | C8: 0.51319444 | D8: 0.52708333 | I8: 0.63402778 | J8: =F8-E8 -> 0 | K8: =IF((D8-C8)<=$F$2,0,(D8-C8)-$F$2) -> 6.2450045e-17 | L8: =(I8-B8)-K8-(H8-G8)-J8 -> 0.30138889 | M8: C | P8: =MROUND(L8,"0:15") -> 0.30208333 | Q8: =VALUE(MID(TEXT(L8,"hh:mm:ss"),4,2)+Q7)-IF(ABS((MID(TEXT(L8,"hh:mm:ss"),4,2)+Q7)-FLOOR((MID(TEXT(L8,"hh:mm:ss"),4,2)+Q7),15))>ABS((MID(TEXT(L8,"hh:mm:ss"),4,2)+Q7)-CEILING((MID(TEXT(L8,"hh:mm:ss"),4,2)+Q7),15)),CEILING((MID(TEXT(L8,"hh:mm:ss"),4,2)+Q7),15),FLOOR((MID(TEXT(L8,"hh:mm:ss"),4,2)+Q7),15)) -> 1 | T8: =T7-L8 -> 2.03125 | V8: 0 | Y8: =IF(M8="O",P8 - AA8,"0:00:00") -> 0:00:00 | Z8: =IF(M8="C",P8,"0:00:00") -> 0.30208333 | AA8: 0 | AB8: =SUM(Y8:Z8) -> 0.30208333 | AC8: 0
A9: 46239 | B9: 0.31180556 | C9: 0.50069444 | D9: 0.51319444 | I9: 0.68194444 | J9: =F9-E9 -> 0 | K9: =IF((D9-C9)<=$F$2,0,(D9-C9)-$F$2) -> 0 | L9: =(I9-B9)-K9-(H9-G9)-J9 -> 0.37013889 | M9: O | P9: =MROUND(L9,"0:15") -> 0.375 | Q9: =VALUE(MID(TEXT(L9,"hh:mm:ss"),4,2)+Q8)-IF(ABS((MID(TEXT(L9,"hh:mm:ss"),4,2)+Q8)-FLOOR((MID(TEXT(L9,"hh:mm:ss"),4,2)+Q8),15))>ABS((MID(TEXT(L9,"hh:mm:ss"),4,2)+Q8)-CEILING((MID(TEXT(L9,"hh:mm:ss"),4,2)+Q8),15)),CEILING((MID(TEXT(L9,"hh:mm:ss"),4,2)+Q8),15),FLOOR((MID(TEXT(L9,"hh:mm:ss"),4,2)+Q8),15)) -> -6 | T9: =T8-L9 -> 1.6611111 | V9: 0 | Y9: =IF(M9="O",P9 - AA9,"0:00:00") -> 0.375 | Z9: =IF(M9="C",P9,"0:00:00") -> 0:00:00 | AA9: =IF(P9="M",Q9-P9,"0:00:00") -> 0:00:00 | AB9: =SUM(Y9:Z9) -> 0.375 | AC9: 0 | AD9: =V9=AC9 -> TRUE
A10: 46240 | B10: 0.35625 | C10: 0.54513889 | D10: 0.55972222 | I10: 0.63263889 | J10: =F10-E10 -> 0 | K10: =IF((D10-C10)<=$F$2,0,(D10-C10)-$F$2) -> 0.00069444444 | L10: =(I10-B10)-K10-(H10-G10)-J10 -> 0.27569444 | M10: C | P10: =MROUND(L10,"0:15") -> 0.27083333 | Q10: =VALUE(MID(TEXT(L10,"hh:mm:ss"),4,2)+Q9)-IF(ABS((MID(TEXT(L10,"hh:mm:ss"),4,2)+Q9)-FLOOR((MID(TEXT(L10,"hh:mm:ss"),4,2)+Q9),15))>ABS((MID(TEXT(L10,"hh:mm:ss"),4,2)+Q9)-CEILING((MID(TEXT(L10,"hh:mm:ss"),4,2)+Q9),15)),CEILING((MID(TEXT(L10,"hh:mm:ss"),4,2)+Q9),15),FLOOR((MID(TEXT(L10,"hh:mm:ss"),4,2)+Q9),15)) -> 1 | T10: =T9-L10 -> 1.3854167 | V10: 0.45833333 | Y10: =IF(M10="O",P10 - AA10,"0:00:00") -> 0:00:00 | Z10: =IF(M10="C",P10,"0:00:00") -> 0.27083333 | AA10: =IF(P10="M",Q10-P10,"0:00:00") -> 0:00:00 | AB10: =SUM(Y10:Z10) -> 0.27083333 | AC10: 0.45833333 | AD10: =V10=AC10 -> TRUE
A11: 46241 | B11: 0.35555556 | I11: 0.63680556 | J11: =F11-E11 -> 0 | K11: =IF((D11-C11)<=$F$2,0,(D11-C11)-$F$2) -> 0 | L11: =(I11-B11)-K11-(H11-G11)-J11 -> 0.28125 | M11: C | P11: =MROUND(L11,"0:15") -> 0.28125 | Q11: =VALUE(MID(TEXT(L11,"hh:mm:ss"),4,2)+Q10)-IF(ABS((MID(TEXT(L11,"hh:mm:ss"),4,2)+Q10)-FLOOR((MID(TEXT(L11,"hh:mm:ss"),4,2)+Q10),15))>ABS((MID(TEXT(L11,"hh:mm:ss"),4,2)+Q10)-CEILING((MID(TEXT(L11,"hh:mm:ss"),4,2)+Q10),15)),CEILING((MID(TEXT(L11,"hh:mm:ss"),4,2)+Q10),15),FLOOR((MID(TEXT(L11,"hh:mm:ss"),4,2)+Q10),15)) -> 1 | T11: =T10-L11 -> 1.1041667 | V11: 0.29166667 | W11: 45261 | Y11: =IF(M11="O",P11 - AA11,"0:00:00") -> 0:00:00 | Z11: =IF(M11="C",P11,"0:00:00") -> 0.28125 | AA11: =IF(P11="M",Q11-P11,"0:00:00") -> 0:00:00 | AB11: =SUM(Y11:Z11) -> 0.28125 | AC11: 0.29166667 | AD11: =V11=AC11 -> TRUE
A12: Semana 1 | L12: =SUM(L7:L11) -> 1.5208333 | P12: =SUM(P7:P11) -> 1.5208333 | W12: Semana 1
Q13: =Q11 -> 1
A14: 46244 | B14: 0.30555556 | C14: 0.51319444 | D14: 0.52430556 | I14: 0.62152778 | J14: =F14-E14 -> 0 | K14: =IF((D14-C14)<=$F$2,0,(D14-C14)-$F$2) -> 0 | L14: =(I14-B14)-K14-(H14-G14)-J14 -> 0.31597222 | M14: O | P14: =MROUND(L14,"0:15") -> 0.3125 | Q14: =VALUE(MID(TEXT(L14,"hh:mm:ss"),4,2)+Q13)-IF(ABS((MID(TEXT(L14,"hh:mm:ss"),4,2)+Q13)-FLOOR((MID(TEXT(L14,"hh:mm:ss"),4,2)+Q13),15))>ABS((MID(TEXT(L14,"hh:mm:ss"),4,2)+Q13)-CEILING((MID(TEXT(L14,"hh:mm:ss"),4,2)+Q13),15)),CEILING((MID(TEXT(L14,"hh:mm:ss"),4,2)+Q13),15),FLOOR((MID(TEXT(L14,"hh:mm:ss"),4,2)+Q13),15)) -> 6 | T14: =T11-L14 -> 0.78819444 | V14: 0.30208333 | W14: 45264 | Y14: =IF(M14="O",P14 - AA14,"0:00:00") -> 0.3125 | Z14: =IF(M14="C",P14,"0:00:00") -> 0:00:00 | AA14: =IF(P14="M",Q14-P14,"0:00:00") -> 0:00:00 | AB14: =SUM(Y14:Z14) -> 0.3125 | AC14: 0.30208333 | AD14: =V14=AC14 -> TRUE
A15: 46245 | B15: 0.35277778 | C15: 0.51458333 | D15: 0.52916667 | I15: 0.62222222 | J15: =F15-E15 -> 0 | K15: =IF((D15-C15)<=$F$2,0,(D15-C15)-$F$2) -> 0.00069444444 | L15: =(I15-B15)-K15-(H15-G15)-J15 -> 0.26875 | M15: C | P15: =MROUND(L15,"0:15") -> 0.27083333 | Q15: =VALUE(MID(TEXT(L15,"hh:mm:ss"),4,2)+Q14)-IF(ABS((MID(TEXT(L15,"hh:mm:ss"),4,2)+Q14)-FLOOR((MID(TEXT(L15,"hh:mm:ss"),4,2)+Q14),15))>ABS((MID(TEXT(L15,"hh:mm:ss"),4,2)+Q14)-CEILING((MID(TEXT(L15,"hh:mm:ss"),4,2)+Q14),15)),CEILING((MID(TEXT(L15,"hh:mm:ss"),4,2)+Q14),15),FLOOR((MID(TEXT(L15,"hh:mm:ss"),4,2)+Q14),15)) -> 3 | T15: =T14-L15 -> 0.51944444 | V15: 0.25 | W15: 45265 | Y15: =IF(M15="O",P15 - AA15,"0:00:00") -> 0:00:00 | Z15: =IF(M15="C",P15,"0:00:00") -> 0.27083333 | AA15: =IF(P15="M",Q15-P15,"0:00:00") -> 0:00:00 | AB15: =SUM(Y15:Z15) -> 0.27083333 | AC15: 0.25 | AD15: =V15=AC15 -> TRUE
A16: 46246 | B16: 0.29791667 | C16: 0.52083333 | D16: 0.53541667 | I16: 0.57291667 | J16: =F16-E16 -> 0 | K16: =IF((D16-C16)<=$F$2,0,(D16-C16)-$F$2) -> 0.00069444444 | L16: =(I16-B16)-K16-(H16-G16)-J16 -> 0.27430556 | M16: O | P16: =MROUND(L16,"0:15") -> 0.27083333 | Q16: =VALUE(MID(TEXT(L16,"hh:mm:ss"),4,2)+Q15)-IF(ABS((MID(TEXT(L16,"hh:mm:ss"),4,2)+Q15)-FLOOR((MID(TEXT(L16,"hh:mm:ss"),4,2)+Q15),15))>ABS((MID(TEXT(L16,"hh:mm:ss"),4,2)+Q15)-CEILING((MID(TEXT(L16,"hh:mm:ss"),4,2)+Q15),15)),CEILING((MID(TEXT(L16,"hh:mm:ss"),4,2)+Q15),15),FLOOR((MID(TEXT(L16,"hh:mm:ss"),4,2)+Q15),15)) -> -7 | T16: =T15-P16 -> 0.24861111 | V16: 0.23958333 | W16: 45266 | Y16: =IF(M16="O",P16 - AA16,"0:00:00") -> 0.27083333 | Z16: =IF(M16="C",P16,"0:00:00") -> 0:00:00 | AA16: =IF(P16="M",Q16-P16,"0:00:00") -> 0:00:00 | AB16: =SUM(Y16:Z16) -> 0.27083333 | AC16: 0.23958333 | AD16: =V16=AC16 -> TRUE
A17: 46247 | J17: =F17-E17 -> 0 | K17: =IF((D17-C17)<=$F$2,0,(D17-C17)-$F$2) -> 0 | L17: =(I17-B17)-K17-(H17-G17)-J17 -> 0 | M17: O | P17: =MROUND(L17,"0:15") -> 0 | Q17: =VALUE(MID(TEXT(L17,"hh:mm:ss"),4,2)+Q16)-IF(ABS((MID(TEXT(L17,"hh:mm:ss"),4,2)+Q16)-FLOOR((MID(TEXT(L17,"hh:mm:ss"),4,2)+Q16),15))>ABS((MID(TEXT(L17,"hh:mm:ss"),4,2)+Q16)-CEILING((MID(TEXT(L17,"hh:mm:ss"),4,2)+Q16),15)),CEILING((MID(TEXT(L17,"hh:mm:ss"),4,2)+Q16),15),FLOOR((MID(TEXT(L17,"hh:mm:ss"),4,2)+Q16),15)) -> -7 | T17: =T16-P17 -> 0.24861111 | V17: 0 | W17: 45267 | Y17: =IF(M17="O",P17 - AA17,"0:00:00") -> 0 | Z17: =IF(M17="C",P17,"0:00:00") -> 0:00:00 | AA17: =IF(P17="M",Q17-P17,"0:00:00") -> 0:00:00 | AB17: =SUM(Y17:Z17) -> 0 | AC17: 0 | AD17: =V17=AC17 -> TRUE
A18: 46248 | J18: =F18-E18 -> 0 | K18: =IF((D18-C18)<=$F$2,0,(D18-C18)-$F$2) -> 0 | L18: =(I18-B18)-K18-(H18-G18)-J18 -> 0 | M18: C | P18: =MROUND(L18,"0:15") -> 0 | Q18: =VALUE(MID(TEXT(L18,"hh:mm:ss"),4,2)+Q17)-IF(ABS((MID(TEXT(L18,"hh:mm:ss"),4,2)+Q17)-FLOOR((MID(TEXT(L18,"hh:mm:ss"),4,2)+Q17),15))>ABS((MID(TEXT(L18,"hh:mm:ss"),4,2)+Q17)-CEILING((MID(TEXT(L18,"hh:mm:ss"),4,2)+Q17),15)),CEILING((MID(TEXT(L18,"hh:mm:ss"),4,2)+Q17),15),FLOOR((MID(TEXT(L18,"hh:mm:ss"),4,2)+Q17),15)) -> -7 | T18: =T17-L18 -> 0.24861111 | V18: 0 | W18: 45268 | Y18: =IF(M18="O",P18 - AA18,"0:00:00") -> 0:00:00 | Z18: =IF(M18="C",P18,"0:00:00") -> 0 | AA18: =IF(P18="M",Q18-P18,"0:00:00") -> 0:00:00 | AB18: =SUM(Y18:Z18) -> 0 | AC18: 0 | AD18: =V18=AC18 -> TRUE
A19: Semana 2 | L19: =SUM(L14:L18) -> 0.85902778 | P19: =SUM(P14:P18) -> 0.85416667 | W19: Semana 2
Q20: =Q18 -> -7
A21: 45886 | J21: =F21-E21 -> 0 | K21: =IF((D21-C21)<=$F$2,0,(D21-C21)-$F$2) -> 0 | L21: =(I21-B21)-K21-(H21-G21)-J21 -> 0 | M21: O | P21: =MROUND(L21,"0:15") -> 0 | Q21: =VALUE(MID(TEXT(L21,"hh:mm:ss"),4,2)+Q20)-IF(ABS((MID(TEXT(L21,"hh:mm:ss"),4,2)+Q20)-FLOOR((MID(TEXT(L21,"hh:mm:ss"),4,2)+Q20),15))>ABS((MID(TEXT(L21,"hh:mm:ss"),4,2)+Q20)-CEILING((MID(TEXT(L21,"hh:mm:ss"),4,2)+Q20),15)),CEILING((MID(TEXT(L21,"hh:mm:ss"),4,2)+Q20),15),FLOOR((MID(TEXT(L21,"hh:mm:ss"),4,2)+Q20),15)) -> -7 | T21: =T18-L21 -> 0.24861111 | V21: 0.36458333 | W21: 45271 | Y21: =IF(M21="O",P21 - AA21,"0:00:00") -> 0 | Z21: =IF(M21="C",P21,"0:00:00") -> 0:00:00 | AA21: =IF(P21="M",Q21-P21,"0:00:00") -> 0:00:00 | AB21: =SUM(Y21:Z21) -> 0 | AC21: 0.36458333 | AD21: =V21=AC21 -> TRUE
A22: 45887 | J22: =F22-E22 -> 0 | K22: =IF((D22-C22)<=$F$2,0,(D22-C22)-$F$2) -> 0 | L22: =(I22-B22)-K22-(H22-G22)-J22 -> 0 | M22: C | P22: =MROUND(L22,"0:15") -> 0 | Q22: =VALUE(MID(TEXT(L22,"hh:mm:ss"),4,2)+Q21)-IF(ABS((MID(TEXT(L22,"hh:mm:ss"),4,2)+Q21)-FLOOR((MID(TEXT(L22,"hh:mm:ss"),4,2)+Q21),15))>ABS((MID(TEXT(L22,"hh:mm:ss"),4,2)+Q21)-CEILING((MID(TEXT(L22,"hh:mm:ss"),4,2)+Q21),15)),CEILING((MID(TEXT(L22,"hh:mm:ss"),4,2)+Q21),15),FLOOR((MID(TEXT(L22,"hh:mm:ss"),4,2)+Q21),15)) -> -7 | T22: =T21-L22 -> 0.24861111 | V22: 0.36458333 | W22: 45272 | Y22: =IF(M22="O",P22 - AA22,"0:00:00") -> 0:00:00 | Z22: =IF(M22="C",P22,"0:00:00") -> 0 | AA22: =IF(P22="M",Q22-P22,"0:00:00") -> 0:00:00 | AB22: =SUM(Y22:Z22) -> 0 | AC22: 0.36458333 | AD22: =V22=AC22 -> TRUE
A23: 45888 | J23: =F23-E23 -> 0 | K23: =IF((D23-C23)<=$F$2,0,(D23-C23)-$F$2) -> 0 | L23: =(I23-B23)-K23-(H23-G23)-J23 -> 0 | M23: O | P23: =MROUND(L23,"0:15") -> 0 | Q23: =VALUE(MID(TEXT(L23,"hh:mm:ss"),4,2)+Q22)-IF(ABS((MID(TEXT(L23,"hh:mm:ss"),4,2)+Q22)-FLOOR((MID(TEXT(L23,"hh:mm:ss"),4,2)+Q22),15))>ABS((MID(TEXT(L23,"hh:mm:ss"),4,2)+Q22)-CEILING((MID(TEXT(L23,"hh:mm:ss"),4,2)+Q22),15)),CEILING((MID(TEXT(L23,"hh:mm:ss"),4,2)+Q22),15),FLOOR((MID(TEXT(L23,"hh:mm:ss"),4,2)+Q22),15)) -> -7 | T23: =T22-L23 -> 0.24861111 | V23: 0.45833333 | W23: 45273 | Y23: =IF(M23="O",P23 - AA23,"0:00:00") -> 0 | Z23: =IF(M23="C",P23,"0:00:00") -> 0:00:00 | AA23: =IF(P23="M",Q23-P23,"0:00:00") -> 0:00:00 | AB23: =SUM(Y23:Z23) -> 0 | AC23: 0.45833333 | AD23: =V23=AC23 -> TRUE
A24: 45889 | J24: =F24-E24 -> 0 | K24: =IF((D24-C24)<=$F$2,0,(D24-C24)-$F$2) -> 0 | L24: =(I24-B24)-K24-(H24-G24)-J24 -> 0 | M24: C | P24: =MROUND(L24,"0:15") -> 0 | Q24: =VALUE(MID(TEXT(L24,"hh:mm:ss"),4,2)+Q23)-IF(ABS((MID(TEXT(L24,"hh:mm:ss"),4,2)+Q23)-FLOOR((MID(TEXT(L24,"hh:mm:ss"),4,2)+Q23),15))>ABS((MID(TEXT(L24,"hh:mm:ss"),4,2)+Q23)-CEILING((MID(TEXT(L24,"hh:mm:ss"),4,2)+Q23),15)),CEILING((MID(TEXT(L24,"hh:mm:ss"),4,2)+Q23),15),FLOOR((MID(TEXT(L24,"hh:mm:ss"),4,2)+Q23),15)) -> -7 | T24: =T23-L24 -> 0.24861111 | V24: 0.32291667 | W24: 45274 | Y24: =IF(M24="O",P24 - AA24,"0:00:00") -> 0:00:00 | Z24: =IF(M24="C",P24,"0:00:00") -> 0 | AA24: =IF(P24="M",Q24-P24,"0:00:00") -> 0:00:00 | AB24: =SUM(Y24:Z24) -> 0 | AC24: 0.32291667 | AD24: =V24=AC24 -> TRUE
A25: 45890 | J25: =F25-E25 -> 0 | K25: =IF((D25-C25)<=$F$2,0,(D25-C25)-$F$2) -> 0 | L25: =(I25-B25)-K25-(H25-G25)-J25 -> 0 | M25: C | P25: =MROUND(L25,"0:15") -> 0 | Q25: =VALUE(MID(TEXT(L25,"hh:mm:ss"),4,2)+Q24)-IF(ABS((MID(TEXT(L25,"hh:mm:ss"),4,2)+Q24)-FLOOR((MID(TEXT(L25,"hh:mm:ss"),4,2)+Q24),15))>ABS((MID(TEXT(L25,"hh:mm:ss"),4,2)+Q24)-CEILING((MID(TEXT(L25,"hh:mm:ss"),4,2)+Q24),15)),CEILING((MID(TEXT(L25,"hh:mm:ss"),4,2)+Q24),15),FLOOR((MID(TEXT(L25,"hh:mm:ss"),4,2)+Q24),15)) -> -7 | T25: =T24-L25 -> 0.24861111 | V25: 0.36458333 | W25: 45275 | Y25: =IF(M25="O",P25 - AA25,"0:00:00") -> 0:00:00 | Z25: =IF(M25="C",P25,"0:00:00") -> 0 | AA25: =IF(P25="M",Q25-P25,"0:00:00") -> 0:00:00 | AB25: =SUM(Y25:Z25) -> 0 | AC25: 0.36458333 | AD25: =V25=AC25 -> TRUE
A26: Semana 3 | L26: =SUM(L21:L25) -> 0 | P26: =SUM(P21:P25) -> 0 | W26: Semana 3
Q27: =Q25 -> -7
A28: 46258 | J28: =F28-E28 -> 0 | K28: =IF((D28-C28)<=$F$2,0,(D28-C28)-$F$2) -> 0 | L28: =(I28-B28)-K28-(H28-G28)-J28 -> 0 | M28: O | P28: =MROUND(L28,"0:15") -> 0 | Q28: =VALUE(MID(TEXT(L28,"hh:mm:ss"),4,2)+Q27)-IF(ABS((MID(TEXT(L28,"hh:mm:ss"),4,2)+Q27)-FLOOR((MID(TEXT(L28,"hh:mm:ss"),4,2)+Q27),15))>ABS((MID(TEXT(L28,"hh:mm:ss"),4,2)+Q27)-CEILING((MID(TEXT(L28,"hh:mm:ss"),4,2)+Q27),15)),CEILING((MID(TEXT(L28,"hh:mm:ss"),4,2)+Q27),15),FLOOR((MID(TEXT(L28,"hh:mm:ss"),4,2)+Q27),15)) -> -7 | T28: =T25-L28 -> 0.24861111 | V28: 0.30208333 | W28: 45278 | Y28: =IF(M28="O",P28 - AA28,"0:00:00") -> 0 | Z28: =IF(M28="C",P28,"0:00:00") -> 0:00:00 | AA28: =IF(P28="M",Q28-P28,"0:00:00") -> 0:00:00 | AB28: =SUM(Y28:Z28) -> 0 | AC28: 0.30208333 | AD28: =V28=AC28 -> TRUE
A29: 46259 | J29: =F29-E29 -> 0 | K29: =IF((D29-C29)<=$F$2,0,(D29-C29)-$F$2) -> 0 | L29: =(I29-B29)-K29-(H29-G29)-J29 -> 0 | M29: C | P29: =MROUND(L29,"0:15") -> 0 | Q29: =VALUE(MID(TEXT(L29,"hh:mm:ss"),4,2)+Q28)-IF(ABS((MID(TEXT(L29,"hh:mm:ss"),4,2)+Q28)-FLOOR((MID(TEXT(L29,"hh:mm:ss"),4,2)+Q28),15))>ABS((MID(TEXT(L29,"hh:mm:ss"),4,2)+Q28)-CEILING((MID(TEXT(L29,"hh:mm:ss"),4,2)+Q28),15)),CEILING((MID(TEXT(L29,"hh:mm:ss"),4,2)+Q28),15),FLOOR((MID(TEXT(L29,"hh:mm:ss"),4,2)+Q28),15)) -> -7 | T29: =T28-L29 -> 0.24861111 | V29: 0 | W29: 45279 | Y29: =IF(M29="O",P29 - AA29,"0:00:00") -> 0:00:00 | Z29: =IF(M29="C",P29,"0:00:00") -> 0 | AA29: =IF(P29="M",Q29-P29,"0:00:00") -> 0:00:00 | AB29: =SUM(Y29:Z29) -> 0 | AC29: 0.21875 | AD29: =V29=AC29 -> FALSE
A30: 46260 | J30: =F30-E30 -> 0 | K30: =IF((D30-C30)<=$F$2,0,(D30-C30)-$F$2) -> 0 | L30: =(I30-B30)-K30-(H30-G30)-J30 -> 0 | M30: O | P30: =MROUND(L30,"0:15") -> 0 | Q30: =VALUE(MID(TEXT(L30,"hh:mm:ss"),4,2)+Q29)-IF(ABS((MID(TEXT(L30,"hh:mm:ss"),4,2)+Q29)-FLOOR((MID(TEXT(L30,"hh:mm:ss"),4,2)+Q29),15))>ABS((MID(TEXT(L30,"hh:mm:ss"),4,2)+Q29)-CEILING((MID(TEXT(L30,"hh:mm:ss"),4,2)+Q29),15)),CEILING((MID(TEXT(L30,"hh:mm:ss"),4,2)+Q29),15),FLOOR((MID(TEXT(L30,"hh:mm:ss"),4,2)+Q29),15)) -> -7 | T30: =T29-L30 -> 0.24861111 | V30: 0.35416667 | W30: 45280 | Y30: =IF(M30="O",P30 - AA30,"0:00:00") -> 0 | Z30: =IF(M30="C",P30,"0:00:00") -> 0:00:00 | AA30: =IF(P30="M",Q30-P30,"0:00:00") -> 0:00:00 | AB30: =SUM(Y30:Z30) -> 0 | AC30: 0.30208333 | AD30: =V30=AC30 -> FALSE
A31: 46261 | J31: =F31-E31 -> 0 | K31: =IF((D31-C31)<=$F$2,0,(D31-C31)-$F$2) -> 0 | L31: =(I31-B31)-K31-(H31-G31)-J31 -> 0 | M31: O | P31: =MROUND(L31,"0:15") -> 0 | Q31: =VALUE(MID(TEXT(L31,"hh:mm:ss"),4,2)+Q30)-IF(ABS((MID(TEXT(L31,"hh:mm:ss"),4,2)+Q30)-FLOOR((MID(TEXT(L31,"hh:mm:ss"),4,2)+Q30),15))>ABS((MID(TEXT(L31,"hh:mm:ss"),4,2)+Q30)-CEILING((MID(TEXT(L31,"hh:mm:ss"),4,2)+Q30),15)),CEILING((MID(TEXT(L31,"hh:mm:ss"),4,2)+Q30),15),FLOOR((MID(TEXT(L31,"hh:mm:ss"),4,2)+Q30),15)) -> -7 | T31: =T30-L31 -> 0.24861111 | V31: 0.41666667 | W31: 45281 | Y31: =IF(M31="O",P31 - AA31,"0:00:00") -> 0 | Z31: =IF(M31="C",P31,"0:00:00") -> 0:00:00 | AA31: =IF(P31="M",Q31-P31,"0:00:00") -> 0:00:00 | AB31: =SUM(Y31:Z31) -> 0 | AC31: 0.30208333 | AD31: =V31=AC31 -> FALSE
A32: 46262 | J32: =F32-E32 -> 0 | K32: =IF((D32-C32)<=$F$2,0,(D32-C32)-$F$2) -> 0 | L32: =(I32-B32)-K32-(H32-G32)-J32 -> 0 | M32: C | P32: =MROUND(L32,"0:15") -> 0 | Q32: =VALUE(MID(TEXT(L32,"hh:mm:ss"),4,2)+Q31)-IF(ABS((MID(TEXT(L32,"hh:mm:ss"),4,2)+Q31)-FLOOR((MID(TEXT(L32,"hh:mm:ss"),4,2)+Q31),15))>ABS((MID(TEXT(L32,"hh:mm:ss"),4,2)+Q31)-CEILING((MID(TEXT(L32,"hh:mm:ss"),4,2)+Q31),15)),CEILING((MID(TEXT(L32,"hh:mm:ss"),4,2)+Q31),15),FLOOR((MID(TEXT(L32,"hh:mm:ss"),4,2)+Q31),15)) -> -7 | T32: =T31-L32 -> 0.24861111 | V32: 0.35416667 | W32: 45282 | Y32: =IF(M32="O",P32 - AA32,"0:00:00") -> 0:00:00 | Z32: =IF(M32="C",P32,"0:00:00") -> 0 | AA32: =IF(P32="M",Q32-P32,"0:00:00") -> 0:00:00 | AB32: =SUM(Y32:Z32) -> 0 | AC32: 0.30208333 | AD32: =V32=AC32 -> FALSE
A33: Semana 4 | L33: =SUM(L28:L32) -> 0 | P33: =SUM(P28:P32) -> 0 | W33: Semana 4
Q34: =Q32 -> -7
A35: 46265 | B35: 0.3 | I35: 0.57638889 | J35: =F35-E35 -> 0 | K35: =IF((D35-C35)<=$F$2,0,(D35-C35)-$F$2) -> 0 | L35: =(I35-B35)-K35-(H35-G35)-J35 -> 0.27638889 | M35: O | P35: =MROUND(L35,"0:15") -> 0.28125 | Q35: =VALUE(MID(TEXT(L35,"hh:mm:ss"),4,2)+Q34)-IF(ABS((MID(TEXT(L35,"hh:mm:ss"),4,2)+Q34)-FLOOR((MID(TEXT(L35,"hh:mm:ss"),4,2)+Q34),15))>ABS((MID(TEXT(L35,"hh:mm:ss"),4,2)+Q34)-CEILING((MID(TEXT(L35,"hh:mm:ss"),4,2)+Q34),15)),CEILING((MID(TEXT(L35,"hh:mm:ss"),4,2)+Q34),15),FLOOR((MID(TEXT(L35,"hh:mm:ss"),4,2)+Q34),15)) -> 1 | T35: =T32-L35 -> -0.027777778 | V35: 0.33333333 | W35: 45285 | Y35: =IF(M35="O",P35 - AA35,"0:00:00") -> 0.28125 | Z35: =IF(M35="C",P35,"0:00:00") -> 0:00:00 | AA35: =IF(P35="M",Q35-P35,"0:00:00") -> 0:00:00 | AB35: =SUM(Y35:Z35) -> 0.28125 | AC35: 0.33333333 | AD35: =V35=AC35 -> TRUE
P36: =MROUND(L36,"0:15") -> 0 | Q36: =VALUE(MID(TEXT(L36,"hh:mm:ss"),4,2)+Q35)-IF(ABS((MID(TEXT(L36,"hh:mm:ss"),4,2)+Q35)-FLOOR((MID(TEXT(L36,"hh:mm:ss"),4,2)+Q35),15))>ABS((MID(TEXT(L36,"hh:mm:ss"),4,2)+Q35)-CEILING((MID(TEXT(L36,"hh:mm:ss"),4,2)+Q35),15)),CEILING((MID(TEXT(L36,"hh:mm:ss"),4,2)+Q35),15),FLOOR((MID(TEXT(L36,"hh:mm:ss"),4,2)+Q35),15)) -> 1 | T36: =T35-L36 -> -0.027777778 | V36: 0.45833333 | W36: 45286 | Y36: =IF(M36="O",P36 - AA36,"0:00:00") -> 0:00:00 | Z36: =IF(M36="C",P36,"0:00:00") -> 0:00:00 | AA36: =IF(P36="M",Q36-P36,"0:00:00") -> 0:00:00 | AB36: =SUM(Y36:Z36) -> 0 | AC36: 0.45833333 | AD36: =V36=AC36 -> TRUE
P37: =MROUND(L37,"0:15") -> 0 | Q37: =VALUE(MID(TEXT(L37,"hh:mm:ss"),4,2)+Q36)-IF(ABS((MID(TEXT(L37,"hh:mm:ss"),4,2)+Q36)-FLOOR((MID(TEXT(L37,"hh:mm:ss"),4,2)+Q36),15))>ABS((MID(TEXT(L37,"hh:mm:ss"),4,2)+Q36)-CEILING((MID(TEXT(L37,"hh:mm:ss"),4,2)+Q36),15)),CEILING((MID(TEXT(L37,"hh:mm:ss"),4,2)+Q36),15),FLOOR((MID(TEXT(L37,"hh:mm:ss"),4,2)+Q36),15)) -> 1 | T37: =T36-L37 -> -0.027777778 | V37: 0.33333333 | W37: 45287 | Y37: =IF(M37="O",P37 - AA37,"0:00:00") -> 0:00:00 | Z37: =IF(M37="C",P37,"0:00:00") -> 0:00:00 | AA37: =IF(P37="M",Q37-P37,"0:00:00") -> 0:00:00 | AB37: =SUM(Y37:Z37) -> 0 | AC37: 0.33333333 | AD37: =V37=AC37 -> TRUE
P38: =MROUND(L38,"0:15") -> 0 | Q38: =VALUE(MID(TEXT(L38,"hh:mm:ss"),4,2)+Q37)-IF(ABS((MID(TEXT(L38,"hh:mm:ss"),4,2)+Q37)-FLOOR((MID(TEXT(L38,"hh:mm:ss"),4,2)+Q37),15))>ABS((MID(TEXT(L38,"hh:mm:ss"),4,2)+Q37)-CEILING((MID(TEXT(L38,"hh:mm:ss"),4,2)+Q37),15)),CEILING((MID(TEXT(L38,"hh:mm:ss"),4,2)+Q37),15),FLOOR((MID(TEXT(L38,"hh:mm:ss"),4,2)+Q37),15)) -> 1 | T38: =T37-L38 -> -0.027777778 | V38: 0.45833333 | W38: 45288 | Y38: =IF(M38="O",P38 - AA38,"0:00:00") -> 0:00:00 | Z38: =IF(M38="C",P38,"0:00:00") -> 0:00:00 | AA38: =IF(P38="M",Q38-P38,"0:00:00") -> 0:00:00 | AB38: =SUM(Y38:Z38) -> 0 | AC38: 0.45833333 | AD38: =V38=AC38 -> TRUE
P39: =MROUND(L39,"0:15") -> 0 | Q39: =VALUE(MID(TEXT(L39,"hh:mm:ss"),4,2)+Q38)-IF(ABS((MID(TEXT(L39,"hh:mm:ss"),4,2)+Q38)-FLOOR((MID(TEXT(L39,"hh:mm:ss"),4,2)+Q38),15))>ABS((MID(TEXT(L39,"hh:mm:ss"),4,2)+Q38)-CEILING((MID(TEXT(L39,"hh:mm:ss"),4,2)+Q38),15)),CEILING((MID(TEXT(L39,"hh:mm:ss"),4,2)+Q38),15),FLOOR((MID(TEXT(L39,"hh:mm:ss"),4,2)+Q38),15)) -> 1 | T39: =T38-L39 -> -0.027777778 | W39: 45289 | Y39: =IF(M39="O",P39 - AA39,"0:00:00") -> 0:00:00 | Z39: =IF(M39="C",P39,"0:00:00") -> 0:00:00 | AA39: =IF(P39="M",Q39-P39,"0:00:00") -> 0:00:00 | AB39: =SUM(Y39:Z39) -> 0
A40: Semana 5 | L40: =SUM(L35:L39) -> 0.27638889 | P40: =SUM(P35:P39) -> 0.28125 | W40: Semana 5
Y42: =SUM(Y7:Y11,Y14:Y18,Y21:Y25,Y28:Y32,Y35:Y39) -> 1.2395833 | Z42: =SUM(Z7:Z11,Z14:Z18,Z21:Z25,Z28:Z32,Z35:Z39) -> 1.125 | AA42: =SUM(AA7:AA11,AA14:AA18,AA21:AA25,AA28:AA32,AA35:AA39) -> 0 | AB42: =SUM(AB7:AB11,AB14:AB18,AB21:AB25,AB28:AB32,AB35:AB39) -> 2.3645833
A43: Total Mes | L43: =SUM(L33,L26,L19,L12,L40) -> 2.65625 | P43: =SUM(P12,P19,P26,P33,P40) -> 2.65625 | V43: =SUM(V7:V42) -> 6.4270833 | AC43: =SUM(AC7:AC42) -> 6.4270833
Y44: =Y42/C47 -> 0.46666667 | Z44: =Z42/C47 -> 0.42352941 | AA44: =AA42/C47 -> 0 | AB44: =SUM(Y44:AA44) -> 0.89019608
A46: HORAS TOTAL MES: | C46: =J1*J2 -> 2.625
B47: Hechas: | C47: =L43 -> 2.65625
B48: Faltan: | C48: =IF(C46>C47,C46-C47,"00:00:00") -> 00:00:00
B49: Sobran: | C49: =IF(C47>C46,C47-C46,"00:00:00") -> 0.03125
B51: Acumuladas Faltan: | C51: 0 | E51: Saldo Faltan: | F51: =IF(C51>C52,C51-C52,"00:00:00") -> 00:00:00
B52: Acumuladas Sobran: | C52: 0 | E52: Saldo Sobran: | F52: =IF(C52>C51,C52-C51,"00:00:00") -> 00:00:00
A53: Vacaciones: | C53: =Horas!E3-Agosto!J1 -> 12 | D53: Vacaciones Acumuladas: | F53: 0
A54: Puentes Recuperables: | C54: 0 | D54: Puentes Recuperables Acum: | F54: 0
AD55: :

Sheet Septiembre
A1: Empresa: | B1: IZERTIS | E1: Tiempo min comida | F1: 0.020833333 | I1: Dias Mes: | J1: 11 | K1: Dias Mes: | L1: 11
A2: Nombre: | E2: Tiempo desayuno | F2: 0.013888889 | I2: Horas / Día: | J2: 0.33333333 | K2: Horas / Día: | L2: 0.29166667
A3: Mes: | B3: 46266 | E3: % R.Domic. | F3: 50 | I3: Días R.Dom: | J3: 8
N4: Teletrabajo tardes MIXTO
A5: Día | B5: ENTRADA | C5: Salida Desay | D5: Entrada Desay | E5: Salida Comida | F5: Entrada Comida | G5: Hora Salida | H5: Hora Entrada | I5: SALIDA | J5: Total Comida | K5: Total Desayuno | L5: Total Día | M5: Ubic | N5: Entrada Comida | O5: SALIDA | T5: =C46 -> 6.875 | V5: JIRA | W5: Día | Y5: CONTROL TELETRABAJO | AC5: IZERTIA | AD5: IZERTIA/JIRA
Q6: 1 | Y6: OFICINA | Z6: CASA | AA6: MIXTA T. | AB6: Total
P7: =MROUND(L7,"0:15") -> 0 | Q7: =VALUE(MID(TEXT(L7,"hh:mm:ss"),4,2)+Q6)-IF(ABS((MID(TEXT(L7,"hh:mm:ss"),4,2)+Q6)-FLOOR((MID(TEXT(L7,"hh:mm:ss"),4,2)+Q6),15))>ABS((MID(TEXT(L7,"hh:mm:ss"),4,2)+Q6)-CEILING((MID(TEXT(L7,"hh:mm:ss"),4,2)+Q6),15)),CEILING((MID(TEXT(L7,"hh:mm:ss"),4,2)+Q6),15),FLOOR((MID(TEXT(L7,"hh:mm:ss"),4,2)+Q6),15)) -> 1 | T7: =T5-L7 -> 6.875 | V7: 0 | Y7: =IF(M7="O",P7 - AA7,"0:00:00") -> 0:00:00 | Z7: =IF(M7="C",P7,"0:00:00") -> 0:00:00 | AA7: =IF(P7="M",Q7-P7,"0:00:00") -> 0:00:00 | AB7: =SUM(Y7:Z7) -> 0 | AC7: 0
A8: 46266 | B8: 0.35416667 | C8: 0.54375 | D8: 0.55833333 | I8: 0.65694444 | J8: 0 | K8: 0.00069444444 | L8: =(I8-B8)-K8-(H8-G8)-J8 -> 0.30208333 | M8: C | P8: =MROUND(L8,"0:15") -> 0.30208333 | Q8: =VALUE(MID(TEXT(L8,"hh:mm:ss"),4,2)+Q7)-IF(ABS((MID(TEXT(L8,"hh:mm:ss"),4,2)+Q7)-FLOOR((MID(TEXT(L8,"hh:mm:ss"),4,2)+Q7),15))>ABS((MID(TEXT(L8,"hh:mm:ss"),4,2)+Q7)-CEILING((MID(TEXT(L8,"hh:mm:ss"),4,2)+Q7),15)),CEILING((MID(TEXT(L8,"hh:mm:ss"),4,2)+Q7),15),FLOOR((MID(TEXT(L8,"hh:mm:ss"),4,2)+Q7),15)) -> 1 | T8: =T7-L8 -> 6.5729167 | V8: 0 | Y8: =IF(M8="O",P8 - AA8,"0:00:00") -> 0:00:00 | Z8: =IF(M8="C",P8,"0:00:00") -> 0.30208333 | AA8: 0 | AB8: =SUM(Y8:Z8) -> 0.30208333 | AC8: 0
A9: 46267 | B9: 0.30416667 | C9: 0.47986111 | D9: 0.49305556 | I9: 0.60902778 | J9: =F9-E9 -> 0 | K9: =IF((D9-C9)<=$F$2,0,(D9-C9)-$F$2) -> 0 | L9: =(I9-B9)-K9-(H9-G9)-J9 -> 0.30486111 | M9: O | P9: =MROUND(L9,"0:15") -> 0.30208333 | Q9: =VALUE(MID(TEXT(L9,"hh:mm:ss"),4,2)+Q8)-IF(ABS((MID(TEXT(L9,"hh:mm:ss"),4,2)+Q8)-FLOOR((MID(TEXT(L9,"hh:mm:ss"),4,2)+Q8),15))>ABS((MID(TEXT(L9,"hh:mm:ss"),4,2)+Q8)-CEILING((MID(TEXT(L9,"hh:mm:ss"),4,2)+Q8),15)),CEILING((MID(TEXT(L9,"hh:mm:ss"),4,2)+Q8),15),FLOOR((MID(TEXT(L9,"hh:mm:ss"),4,2)+Q8),15)) -> 5 | T9: =T8-L9 -> 6.2680556 | V9: 0 | Y9: =IF(M9="O",P9 - AA9,"0:00:00") -> 0.30208333 | Z9: =IF(M9="C",P9,"0:00:00") -> 0:00:00 | AA9: =IF(P9="M",Q9-P9,"0:00:00") -> 0:00:00 | AB9: =SUM(Y9:Z9) -> 0.30208333 | AC9: 0 | AD9: =V9=AC9 -> TRUE
A10: 46268 | B10: 0.33958333 | C10: 0.54861111 | D10: 0.5625 | I10: 0.67083333 | J10: =F10-E10 -> 0 | K10: =IF((D10-C10)<=$F$2,0,(D10-C10)-$F$2) -> 6.2450045e-17 | L10: =(I10-B10)-K10-(H10-G10)-J10 -> 0.33125 | M10: C | P10: =MROUND(L10,"0:15") -> 0.33333333 | Q10: =VALUE(MID(TEXT(L10,"hh:mm:ss"),4,2)+Q9)-IF(ABS((MID(TEXT(L10,"hh:mm:ss"),4,2)+Q9)-FLOOR((MID(TEXT(L10,"hh:mm:ss"),4,2)+Q9),15))>ABS((MID(TEXT(L10,"hh:mm:ss"),4,2)+Q9)-CEILING((MID(TEXT(L10,"hh:mm:ss"),4,2)+Q9),15)),CEILING((MID(TEXT(L10,"hh:mm:ss"),4,2)+Q9),15),FLOOR((MID(TEXT(L10,"hh:mm:ss"),4,2)+Q9),15)) -> 2 | T10: =T9-L10 -> 5.9368056 | V10: 0.45833333 | Y10: =IF(M10="O",P10 - AA10,"0:00:00") -> 0:00:00 | Z10: =IF(M10="C",P10,"0:00:00") -> 0.33333333 | AA10: =IF(P10="M",Q10-P10,"0:00:00") -> 0:00:00 | AB10: =SUM(Y10:Z10) -> 0.33333333 | AC10: 0.45833333 | AD10: =V10=AC10 -> TRUE
A11: 46269 | B11: 0.32569444 | C11: 0.5375 | D11: 0.55138889 | I11: 0.66875 | J11: 0 | K11: =IF((D11-C11)<=$F$2,0,(D11-C11)-$F$2) -> 0 | L11: =(I11-B11)-K11-(H11-G11)-J11 -> 0.34305556 | M11: C | P11: =MROUND(L11,"0:15") -> 0.34375 | Q11: =VALUE(MID(TEXT(L11,"hh:mm:ss"),4,2)+Q10)-IF(ABS((MID(TEXT(L11,"hh:mm:ss"),4,2)+Q10)-FLOOR((MID(TEXT(L11,"hh:mm:ss"),4,2)+Q10),15))>ABS((MID(TEXT(L11,"hh:mm:ss"),4,2)+Q10)-CEILING((MID(TEXT(L11,"hh:mm:ss"),4,2)+Q10),15)),CEILING((MID(TEXT(L11,"hh:mm:ss"),4,2)+Q10),15),FLOOR((MID(TEXT(L11,"hh:mm:ss"),4,2)+Q10),15)) -> 1 | T11: =T10-L11 -> 5.59375 | V11: 0.29166667 | W11: 45261 | Y11: =IF(M11="O",P11 - AA11,"0:00:00") -> 0:00:00 | Z11: =IF(M11="C",P11,"0:00:00") -> 0.34375 | AA11: =IF(P11="M",Q11-P11,"0:00:00") -> 0:00:00 | AB11: =SUM(Y11:Z11) -> 0.34375 | AC11: 0.29166667 | AD11: =V11=AC11 -> TRUE
A12: Semana 1 | L12: =SUM(L7:L11) -> 1.28125 | P12: =SUM(P7:P11) -> 1.28125 | W12: Semana 1
Q13: =Q11 -> 1
A14: 46272 | B14: 0.30138889 | C14: 0.50069444 | D14: 0.51458333 | I14: 0.61041667 | J14: =F14-E14 -> 0 | K14: =IF((D14-C14)<=$F$2,0,(D14-C14)-$F$2) -> 0 | L14: =(I14-B14)-K14-(H14-G14)-J14 -> 0.30902778 | M14: O | P14: =MROUND(L14,"0:15") -> 0.3125 | Q14: =VALUE(MID(TEXT(L14,"hh:mm:ss"),4,2)+Q13)-IF(ABS((MID(TEXT(L14,"hh:mm:ss"),4,2)+Q13)-FLOOR((MID(TEXT(L14,"hh:mm:ss"),4,2)+Q13),15))>ABS((MID(TEXT(L14,"hh:mm:ss"),4,2)+Q13)-CEILING((MID(TEXT(L14,"hh:mm:ss"),4,2)+Q13),15)),CEILING((MID(TEXT(L14,"hh:mm:ss"),4,2)+Q13),15),FLOOR((MID(TEXT(L14,"hh:mm:ss"),4,2)+Q13),15)) -> -4 | T14: =T11-L14 -> 5.2847222 | V14: 0.30208333 | W14: 45264 | Y14: =IF(M14="O",P14 - AA14,"0:00:00") -> 0.3125 | Z14: =IF(M14="C",P14,"0:00:00") -> 0:00:00 | AA14: =IF(P14="M",Q14-P14,"0:00:00") -> 0:00:00 | AB14: =SUM(Y14:Z14) -> 0.3125 | AC14: 0.30208333 | AD14: =V14=AC14 -> TRUE
A15: 46273 | B15: 0.35625 | C15: 0.54861111 | D15: 0.5625 | I15: 0.62013889 | J15: 0 | K15: =IF((D15-C15)<=$F$2,0,(D15-C15)-$F$2) -> 6.2450045e-17 | L15: =(I15-B15)-K15-(H15-G15)-J15 -> 0.26388889 | M15: C | P15: =MROUND(L15,"0:15") -> 0.26041667 | Q15: =VALUE(MID(TEXT(L15,"hh:mm:ss"),4,2)+Q14)-IF(ABS((MID(TEXT(L15,"hh:mm:ss"),4,2)+Q14)-FLOOR((MID(TEXT(L15,"hh:mm:ss"),4,2)+Q14),15))>ABS((MID(TEXT(L15,"hh:mm:ss"),4,2)+Q14)-CEILING((MID(TEXT(L15,"hh:mm:ss"),4,2)+Q14),15)),CEILING((MID(TEXT(L15,"hh:mm:ss"),4,2)+Q14),15),FLOOR((MID(TEXT(L15,"hh:mm:ss"),4,2)+Q14),15)) -> 1 | T15: =T14-L15 -> 5.0208333 | V15: 0.25 | W15: 45265 | Y15: =IF(M15="O",P15 - AA15,"0:00:00") -> 0:00:00 | Z15: =IF(M15="C",P15,"0:00:00") -> 0.26041667 | AA15: =IF(P15="M",Q15-P15,"0:00:00") -> 0:00:00 | AB15: =SUM(Y15:Z15) -> 0.26041667 | AC15: 0.25 | AD15: =V15=AC15 -> TRUE
A16: 46274 | B16: 0.30208333 | C16: 0.48333333 | D16: 0.49791667 | I16: 0.6125 | J16: =F16-E16 -> 0 | K16: =IF((D16-C16)<=$F$2,0,(D16-C16)-$F$2) -> 0.00069444444 | L16: =(I16-B16)-K16-(H16-G16)-J16 -> 0.30972222 | M16: O | P16: =MROUND(L16,"0:15") -> 0.3125 | Q16: =VALUE(MID(TEXT(L16,"hh:mm:ss"),4,2)+Q15)-IF(ABS((MID(TEXT(L16,"hh:mm:ss"),4,2)+Q15)-FLOOR((MID(TEXT(L16,"hh:mm:ss"),4,2)+Q15),15))>ABS((MID(TEXT(L16,"hh:mm:ss"),4,2)+Q15)-CEILING((MID(TEXT(L16,"hh:mm:ss"),4,2)+Q15),15)),CEILING((MID(TEXT(L16,"hh:mm:ss"),4,2)+Q15),15),FLOOR((MID(TEXT(L16,"hh:mm:ss"),4,2)+Q15),15)) -> -3 | T16: =T15-P16 -> 4.7083333 | V16: 0.23958333 | W16: 45266 | Y16: =IF(M16="O",P16 - AA16,"0:00:00") -> 0.3125 | Z16: =IF(M16="C",P16,"0:00:00") -> 0:00:00 | AA16: =IF(P16="M",Q16-P16,"0:00:00") -> 0:00:00 | AB16: =SUM(Y16:Z16) -> 0.3125 | AC16: 0.23958333 | AD16: =V16=AC16 -> TRUE
A17: 46275 | B17: 0.30416667 | C17: 0.49583333 | D17: 0.50972222 | I17: 0.60416667 | J17: =F17-E17 -> 0 | K17: =IF((D17-C17)<=$F$2,0,(D17-C17)-$F$2) -> 0 | L17: =(I17-B17)-K17-(H17-G17)-J17 -> 0.3 | M17: O | P17: =MROUND(L17,"0:15") -> 0.30208333 | Q17: =VALUE(MID(TEXT(L17,"hh:mm:ss"),4,2)+Q16)-IF(ABS((MID(TEXT(L17,"hh:mm:ss"),4,2)+Q16)-FLOOR((MID(TEXT(L17,"hh:mm:ss"),4,2)+Q16),15))>ABS((MID(TEXT(L17,"hh:mm:ss"),4,2)+Q16)-CEILING((MID(TEXT(L17,"hh:mm:ss"),4,2)+Q16),15)),CEILING((MID(TEXT(L17,"hh:mm:ss"),4,2)+Q16),15),FLOOR((MID(TEXT(L17,"hh:mm:ss"),4,2)+Q16),15)) -> -6 | T17: =T16-P17 -> 4.40625 | V17: 0 | W17: 45267 | Y17: =IF(M17="O",P17 - AA17,"0:00:00") -> 0.30208333 | Z17: =IF(M17="C",P17,"0:00:00") -> 0:00:00 | AA17: =IF(P17="M",Q17-P17,"0:00:00") -> 0:00:00 | AB17: =SUM(Y17:Z17) -> 0.30208333 | AC17: 0 | AD17: =V17=AC17 -> TRUE
A18: 46276 | B18: 0.31180556 | C18: 0.5125 | D18: 0.52777778 | I18: 0.61041667 | J18: 0 | K18: =IF((D18-C18)<=$F$2,0,(D18-C18)-$F$2) -> 0.0013888889 | L18: =(I18-B18)-K18-(H18-G18)-J18 -> 0.29722222 | M18: C | P18: =MROUND(L18,"0:15") -> 0.30208333 | Q18: =VALUE(MID(TEXT(L18,"hh:mm:ss"),4,2)+Q17)-IF(ABS((MID(TEXT(L18,"hh:mm:ss"),4,2)+Q17)-FLOOR((MID(TEXT(L18,"hh:mm:ss"),4,2)+Q17),15))>ABS((MID(TEXT(L18,"hh:mm:ss"),4,2)+Q17)-CEILING((MID(TEXT(L18,"hh:mm:ss"),4,2)+Q17),15)),CEILING((MID(TEXT(L18,"hh:mm:ss"),4,2)+Q17),15),FLOOR((MID(TEXT(L18,"hh:mm:ss"),4,2)+Q17),15)) -> 2 | T18: =T17-L18 -> 4.1090278 | V18: 0 | W18: 45268 | Y18: =IF(M18="O",P18 - AA18,"0:00:00") -> 0:00:00 | Z18: =IF(M18="C",P18,"0:00:00") -> 0.30208333 | AA18: =IF(P18="M",Q18-P18,"0:00:00") -> 0:00:00 | AB18: =SUM(Y18:Z18) -> 0.30208333 | AC18: 0 | AD18: =V18=AC18 -> TRUE
A19: Semana 2 | L19: =SUM(L14:L18) -> 1.4798611 | P19: =SUM(P14:P18) -> 1.4895833 | W19: Semana 2
Q20: =Q18 -> 2
A21: 46279 | B21: 0.30069444 | C21: 0.50277778 | D21: 0.51736111 | I21: 0.60833333 | J21: =F21-E21 -> 0 | K21: =IF((D21-C21)<=$F$2,0,(D21-C21)-$F$2) -> 0.00069444444 | L21: =(I21-B21)-K21-(H21-G21)-J21 -> 0.30694444 | M21: O | P21: =MROUND(L21,"0:15") -> 0.30208333 | Q21: =VALUE(MID(TEXT(L21,"hh:mm:ss"),4,2)+Q20)-IF(ABS((MID(TEXT(L21,"hh:mm:ss"),4,2)+Q20)-FLOOR((MID(TEXT(L21,"hh:mm:ss"),4,2)+Q20),15))>ABS((MID(TEXT(L21,"hh:mm:ss"),4,2)+Q20)-CEILING((MID(TEXT(L21,"hh:mm:ss"),4,2)+Q20),15)),CEILING((MID(TEXT(L21,"hh:mm:ss"),4,2)+Q20),15),FLOOR((MID(TEXT(L21,"hh:mm:ss"),4,2)+Q20),15)) -> -6 | T21: =T18-L21 -> 3.8020833 | V21: 0.36458333 | W21: 45271 | Y21: =IF(M21="O",P21 - AA21,"0:00:00") -> 0.30208333 | Z21: =IF(M21="C",P21,"0:00:00") -> 0:00:00 | AA21: =IF(P21="M",Q21-P21,"0:00:00") -> 0:00:00 | AB21: =SUM(Y21:Z21) -> 0.30208333 | AC21: 0.36458333 | AD21: =V21=AC21 -> TRUE
A22: 46280 | B22: 0.35555556 | C22: 0.54444444 | D22: 0.55902778 | I22: 0.63333333 | J22: 0 | K22: =IF((D22-C22)<=$F$2,0,(D22-C22)-$F$2) -> 0.00069444444 | L22: =(I22-B22)-K22-(H22-G22)-J22 -> 0.27708333 | M22: C | P22: =MROUND(L22,"0:15") -> 0.28125 | Q22: =VALUE(MID(TEXT(L22,"hh:mm:ss"),4,2)+Q21)-IF(ABS((MID(TEXT(L22,"hh:mm:ss"),4,2)+Q21)-FLOOR((MID(TEXT(L22,"hh:mm:ss"),4,2)+Q21),15))>ABS((MID(TEXT(L22,"hh:mm:ss"),4,2)+Q21)-CEILING((MID(TEXT(L22,"hh:mm:ss"),4,2)+Q21),15)),CEILING((MID(TEXT(L22,"hh:mm:ss"),4,2)+Q21),15),FLOOR((MID(TEXT(L22,"hh:mm:ss"),4,2)+Q21),15)) -> 3 | T22: =T21-L22 -> 3.525 | V22: 0.36458333 | W22: 45272 | Y22: =IF(M22="O",P22 - AA22,"0:00:00") -> 0:00:00 | Z22: =IF(M22="C",P22,"0:00:00") -> 0.28125 | AA22: =IF(P22="M",Q22-P22,"0:00:00") -> 0:00:00 | AB22: =SUM(Y22:Z22) -> 0.28125 | AC22: 0.36458333 | AD22: =V22=AC22 -> TRUE
A23: 46281 | B23: 0.31388889 | C23: 0.49305556 | D23: 0.50694444 | I23: 0.64027778 | J23: =F23-E23 -> 0 | K23: =IF((D23-C23)<=$F$2,0,(D23-C23)-$F$2) -> 0 | L23: =(I23-B23)-K23-(H23-G23)-J23 -> 0.32638889 | M23: O | P23: =MROUND(L23,"0:15") -> 0.32291667 | Q23: =VALUE(MID(TEXT(L23,"hh:mm:ss"),4,2)+Q22)-IF(ABS((MID(TEXT(L23,"hh:mm:ss"),4,2)+Q22)-FLOOR((MID(TEXT(L23,"hh:mm:ss"),4,2)+Q22),15))>ABS((MID(TEXT(L23,"hh:mm:ss"),4,2)+Q22)-CEILING((MID(TEXT(L23,"hh:mm:ss"),4,2)+Q22),15)),CEILING((MID(TEXT(L23,"hh:mm:ss"),4,2)+Q22),15),FLOOR((MID(TEXT(L23,"hh:mm:ss"),4,2)+Q22),15)) -> -7 | T23: =T22-L23 -> 3.1986111 | V23: 0.45833333 | W23: 45273 | Y23: =IF(M23="O",P23 - AA23,"0:00:00") -> 0.32291667 | Z23: =IF(M23="C",P23,"0:00:00") -> 0:00:00 | AA23: =IF(P23="M",Q23-P23,"0:00:00") -> 0:00:00 | AB23: =SUM(Y23:Z23) -> 0.32291667 | AC23: 0.45833333 | AD23: =V23=AC23 -> TRUE
A24: 46282 | B24: 0.30555556 | C24: 0.51319444 | D24: 0.51944444 | I24: 0.60208333 | J24: =F24-E24 -> 0 | K24: =IF((D24-C24)<=$F$2,0,(D24-C24)-$F$2) -> 0 | L24: =(I24-B24)-K24-(H24-G24)-J24 -> 0.29652778 | M24: O | P24: =MROUND(L24,"0:15") -> 0.29166667 | Q24: =VALUE(MID(TEXT(L24,"hh:mm:ss"),4,2)+Q23)-IF(ABS((MID(TEXT(L24,"hh:mm:ss"),4,2)+Q23)-FLOOR((MID(TEXT(L24,"hh:mm:ss"),4,2)+Q23),15))>ABS((MID(TEXT(L24,"hh:mm:ss"),4,2)+Q23)-CEILING((MID(TEXT(L24,"hh:mm:ss"),4,2)+Q23),15)),CEILING((MID(TEXT(L24,"hh:mm:ss"),4,2)+Q23),15),FLOOR((MID(TEXT(L24,"hh:mm:ss"),4,2)+Q23),15)) -> 0 | T24: =T23-L24 -> 2.9020833 | V24: 0.32291667 | W24: 45274 | Y24: =IF(M24="O",P24 - AA24,"0:00:00") -> 0.29166667 | Z24: =IF(M24="C",P24,"0:00:00") -> 0:00:00 | AA24: =IF(P24="M",Q24-P24,"0:00:00") -> 0:00:00 | AB24: =SUM(Y24:Z24) -> 0.29166667 | AC24: 0.32291667 | AD24: =V24=AC24 -> TRUE
A25: 46283 | B25: 0.35277778 | I25: 0.64791667 | J25: 0 | K25: =IF((D25-C25)<=$F$2,0,(D25-C25)-$F$2) -> 0 | L25: =(I25-B25)-K25-(H25-G25)-J25 -> 0.29513889 | M25: C | P25: =MROUND(L25,"0:15") -> 0.29166667 | Q25: =VALUE(MID(TEXT(L25,"hh:mm:ss"),4,2)+Q24)-IF(ABS((MID(TEXT(L25,"hh:mm:ss"),4,2)+Q24)-FLOOR((MID(TEXT(L25,"hh:mm:ss"),4,2)+Q24),15))>ABS((MID(TEXT(L25,"hh:mm:ss"),4,2)+Q24)-CEILING((MID(TEXT(L25,"hh:mm:ss"),4,2)+Q24),15)),CEILING((MID(TEXT(L25,"hh:mm:ss"),4,2)+Q24),15),FLOOR((MID(TEXT(L25,"hh:mm:ss"),4,2)+Q24),15)) -> 5 | T25: =T24-L25 -> 2.6069444 | V25: 0.36458333 | W25: 45275 | Y25: =IF(M25="O",P25 - AA25,"0:00:00") -> 0:00:00 | Z25: =IF(M25="C",P25,"0:00:00") -> 0.29166667 | AA25: =IF(P25="M",Q25-P25,"0:00:00") -> 0:00:00 | AB25: =SUM(Y25:Z25) -> 0.29166667 | AC25: 0.36458333 | AD25: =V25=AC25 -> TRUE
A26: Semana 3 | L26: =SUM(L21:L25) -> 1.5020833 | P26: =SUM(P21:P25) -> 1.4895833 | W26: Semana 3
Q27: =Q25 -> 5
A28: 46286 | B28: 0.30069444 | C28: 0.5 | D28: 0.51458333 | I28: 0.62430556 | J28: =F28-E28 -> 0 | K28: =IF((D28-C28)<=$F$2,0,(D28-C28)-$F$2) -> 0.00069444444 | L28: =(I28-B28)-K28-(H28-G28)-J28 -> 0.32291667 | M28: O | P28: =MROUND(L28,"0:15") -> 0.32291667 | Q28: =VALUE(MID(TEXT(L28,"hh:mm:ss"),4,2)+Q27)-IF(ABS((MID(TEXT(L28,"hh:mm:ss"),4,2)+Q27)-FLOOR((MID(TEXT(L28,"hh:mm:ss"),4,2)+Q27),15))>ABS((MID(TEXT(L28,"hh:mm:ss"),4,2)+Q27)-CEILING((MID(TEXT(L28,"hh:mm:ss"),4,2)+Q27),15)),CEILING((MID(TEXT(L28,"hh:mm:ss"),4,2)+Q27),15),FLOOR((MID(TEXT(L28,"hh:mm:ss"),4,2)+Q27),15)) -> 5 | T28: =T25-L28 -> 2.2840278 | V28: 0.30208333 | W28: 45278 | Y28: =IF(M28="O",P28 - AA28,"0:00:00") -> 0.32291667 | Z28: =IF(M28="C",P28,"0:00:00") -> 0:00:00 | AA28: =IF(P28="M",Q28-P28,"0:00:00") -> 0:00:00 | AB28: =SUM(Y28:Z28) -> 0.32291667 | AC28: 0.30208333 | AD28: =V28=AC28 -> TRUE
A29: 46287 | B29: 0.32916667 | C29: 0.54861111 | D29: 0.56388889 | E29: 0.65486111 | F29: 0.67013889 | I29: 0.76597222 | J29: =IF((F29-E29)<$F$1,$F$1,F29-E29) -> 0.020833333 | K29: =IF((D29-C29)<=$F$2,0,(D29-C29)-$F$2) -> 0.0013888889 | L29: =(I29-B29)-K29-(H29-G29)-J29 -> 0.41458333 | M29: C | P29: =MROUND(L29,"0:15") -> 0.41666667 | Q29: =VALUE(MID(TEXT(L29,"hh:mm:ss"),4,2)+Q28)-IF(ABS((MID(TEXT(L29,"hh:mm:ss"),4,2)+Q28)-FLOOR((MID(TEXT(L29,"hh:mm:ss"),4,2)+Q28),15))>ABS((MID(TEXT(L29,"hh:mm:ss"),4,2)+Q28)-CEILING((MID(TEXT(L29,"hh:mm:ss"),4,2)+Q28),15)),CEILING((MID(TEXT(L29,"hh:mm:ss"),4,2)+Q28),15),FLOOR((MID(TEXT(L29,"hh:mm:ss"),4,2)+Q28),15)) -> 2 | T29: =T28-L29 -> 1.8694444 | V29: 0 | W29: 45279 | Y29: =IF(M29="O",P29 - AA29,"0:00:00") -> 0:00:00 | Z29: =IF(M29="C",P29,"0:00:00") -> 0.41666667 | AA29: =IF(P29="M",Q29-P29,"0:00:00") -> 0:00:00 | AB29: =SUM(Y29:Z29) -> 0.41666667 | AC29: 0.21875 | AD29: =V29=AC29 -> FALSE
A30: 46288 | B30: 0.30486111 | C30: 0.48680556 | D30: 0.50208333 | I30: 0.625 | J30: =F30-E30 -> 0 | K30: =IF((D30-C30)<=$F$2,0,(D30-C30)-$F$2) -> 0.0013888889 | L30: =(I30-B30)-K30-(H30-G30)-J30 -> 0.31875 | M30: O | P30: =MROUND(L30,"0:15") -> 0.32291667 | Q30: =VALUE(MID(TEXT(L30,"hh:mm:ss"),4,2)+Q29)-IF(ABS((MID(TEXT(L30,"hh:mm:ss"),4,2)+Q29)-FLOOR((MID(TEXT(L30,"hh:mm:ss"),4,2)+Q29),15))>ABS((MID(TEXT(L30,"hh:mm:ss"),4,2)+Q29)-CEILING((MID(TEXT(L30,"hh:mm:ss"),4,2)+Q29),15)),CEILING((MID(TEXT(L30,"hh:mm:ss"),4,2)+Q29),15),FLOOR((MID(TEXT(L30,"hh:mm:ss"),4,2)+Q29),15)) -> -4 | T30: =T29-L30 -> 1.5506944 | V30: 0.35416667 | W30: 45280 | Y30: =IF(M30="O",P30 - AA30,"0:00:00") -> 0.32291667 | Z30: =IF(M30="C",P30,"0:00:00") -> 0:00:00 | AA30: =IF(P30="M",Q30-P30,"0:00:00") -> 0:00:00 | AB30: =SUM(Y30:Z30) -> 0.32291667 | AC30: 0.30208333 | AD30: =V30=AC30 -> FALSE
A31: 46289 | B31: 0.37361111 | C31: 0.55069444 | D31: 0.56041667 | I31: 0.6625 | J31: =F31-E31 -> 0 | K31: =IF((D31-C31)<=$F$2,0,(D31-C31)-$F$2) -> 0 | L31: =(I31-B31)-K31-(H31-G31)-J31 -> 0.28888889 | M31: C | P31: =MROUND(L31,"0:15") -> 0.29166667 | Q31: =VALUE(MID(TEXT(L31,"hh:mm:ss"),4,2)+Q30)-IF(ABS((MID(TEXT(L31,"hh:mm:ss"),4,2)+Q30)-FLOOR((MID(TEXT(L31,"hh:mm:ss"),4,2)+Q30),15))>ABS((MID(TEXT(L31,"hh:mm:ss"),4,2)+Q30)-CEILING((MID(TEXT(L31,"hh:mm:ss"),4,2)+Q30),15)),CEILING((MID(TEXT(L31,"hh:mm:ss"),4,2)+Q30),15),FLOOR((MID(TEXT(L31,"hh:mm:ss"),4,2)+Q30),15)) -> 7 | T31: =T30-L31 -> 1.2618056 | V31: 0.41666667 | W31: 45281 | Y31: =IF(M31="O",P31 - AA31,"0:00:00") -> 0:00:00 | Z31: =IF(M31="C",P31,"0:00:00") -> 0.29166667 | AA31: =IF(P31="M",Q31-P31,"0:00:00") -> 0:00:00 | AB31: =SUM(Y31:Z31) -> 0.29166667 | AC31: 0.30208333 | AD31: =V31=AC31 -> FALSE
A32: 46290 | B32: 0.32152778 | C32: 0.54236111 | D32: 0.55138889 | I32: 0.63402778 | J32: 0 | K32: =IF((D32-C32)<=$F$2,0,(D32-C32)-$F$2) -> 0 | L32: =(I32-B32)-K32-(H32-G32)-J32 -> 0.3125 | M32: C | P32: =MROUND(L32,"0:15") -> 0.3125 | Q32: =VALUE(MID(TEXT(L32,"hh:mm:ss"),4,2)+Q31)-IF(ABS((MID(TEXT(L32,"hh:mm:ss"),4,2)+Q31)-FLOOR((MID(TEXT(L32,"hh:mm:ss"),4,2)+Q31),15))>ABS((MID(TEXT(L32,"hh:mm:ss"),4,2)+Q31)-CEILING((MID(TEXT(L32,"hh:mm:ss"),4,2)+Q31),15)),CEILING((MID(TEXT(L32,"hh:mm:ss"),4,2)+Q31),15),FLOOR((MID(TEXT(L32,"hh:mm:ss"),4,2)+Q31),15)) -> 7 | T32: =T31-L32 -> 0.94930556 | V32: 0.35416667 | W32: 45282 | Y32: =IF(M32="O",P32 - AA32,"0:00:00") -> 0:00:00 | Z32: =IF(M32="C",P32,"0:00:00") -> 0.3125 | AA32: =IF(P32="M",Q32-P32,"0:00:00") -> 0:00:00 | AB32: =SUM(Y32:Z32) -> 0.3125 | AC32: 0.30208333 | AD32: =V32=AC32 -> FALSE
A33: Semana 4 | L33: =SUM(L28:L32) -> 1.6576389 | P33: =SUM(P28:P32) -> 1.6666667 | W33: Semana 4
Q34: =Q32 -> 7
A35: 46293 | B35: 0.30138889 | C35: 0.50138889 | D35: 0.51458333 | I35: 0.60694444 | J35: =F35-E35 -> 0 | K35: =IF((D35-C35)<=$F$2,0,(D35-C35)-$F$2) -> 0 | L35: =(I35-B35)-K35-(H35-G35)-J35 -> 0.30555556 | M35: O | P35: =MROUND(L35,"0:15") -> 0.30208333 | Q35: =VALUE(MID(TEXT(L35,"hh:mm:ss"),4,2)+Q34)-IF(ABS((MID(TEXT(L35,"hh:mm:ss"),4,2)+Q34)-FLOOR((MID(TEXT(L35,"hh:mm:ss"),4,2)+Q34),15))>ABS((MID(TEXT(L35,"hh:mm:ss"),4,2)+Q34)-CEILING((MID(TEXT(L35,"hh:mm:ss"),4,2)+Q34),15)),CEILING((MID(TEXT(L35,"hh:mm:ss"),4,2)+Q34),15),FLOOR((MID(TEXT(L35,"hh:mm:ss"),4,2)+Q34),15)) -> -3 | T35: =T32-L35 -> 0.64375 | V35: 0.33333333 | W35: 45285 | Y35: =IF(M35="O",P35 - AA35,"0:00:00") -> 0.30208333 | Z35: =IF(M35="C",P35,"0:00:00") -> 0:00:00 | AA35: =IF(P35="M",Q35-P35,"0:00:00") -> 0:00:00 | AB35: =SUM(Y35:Z35) -> 0.30208333 | AC35: 0.33333333 | AD35: =V35=AC35 -> TRUE
A36: 46294 | B36: 0.33263889 | C36: 0.66111111 | D36: 0.66805556 | I36: 0.70972222 | J36: =IF((F36-E36)<$F$1,$F$1,F36-E36) -> 0.020833333 | K36: =IF((D36-C36)<=$F$2,0,(D36-C36)-$F$2) -> 0 | L36: =(I36-B36)-K36-(H36-G36)-J36 -> 0.35625 | M36: C | P36: =MROUND(L36,"0:15") -> 0.35416667 | Q36: =VALUE(MID(TEXT(L36,"hh:mm:ss"),4,2)+Q35)-IF(ABS((MID(TEXT(L36,"hh:mm:ss"),4,2)+Q35)-FLOOR((MID(TEXT(L36,"hh:mm:ss"),4,2)+Q35),15))>ABS((MID(TEXT(L36,"hh:mm:ss"),4,2)+Q35)-CEILING((MID(TEXT(L36,"hh:mm:ss"),4,2)+Q35),15)),CEILING((MID(TEXT(L36,"hh:mm:ss"),4,2)+Q35),15),FLOOR((MID(TEXT(L36,"hh:mm:ss"),4,2)+Q35),15)) -> 0 | T36: =T35-L36 -> 0.2875 | V36: 0.45833333 | W36: 45286 | Y36: =IF(M36="O",P36 - AA36,"0:00:00") -> 0:00:00 | Z36: =IF(M36="C",P36,"0:00:00") -> 0.35416667 | AA36: =IF(P36="M",Q36-P36,"0:00:00") -> 0:00:00 | AB36: =SUM(Y36:Z36) -> 0.35416667 | AC36: 0.45833333 | AD36: =V36=AC36 -> TRUE
A37: 46295 | B37: 0.30347222 | C37: 0.50833333 | D37: 0.52152778 | I37: 0.61805556 | J37: 0 | K37: =IF((D37-C37)<=$F$2,0,(D37-C37)-$F$2) -> 0 | L37: =(I37-B37)-K37-(H37-G37)-J37 -> 0.31458333 | M37: O | P37: =MROUND(L37,"0:15") -> 0.3125 | Q37: =VALUE(MID(TEXT(L37,"hh:mm:ss"),4,2)+Q36)-IF(ABS((MID(TEXT(L37,"hh:mm:ss"),4,2)+Q36)-FLOOR((MID(TEXT(L37,"hh:mm:ss"),4,2)+Q36),15))>ABS((MID(TEXT(L37,"hh:mm:ss"),4,2)+Q36)-CEILING((MID(TEXT(L37,"hh:mm:ss"),4,2)+Q36),15)),CEILING((MID(TEXT(L37,"hh:mm:ss"),4,2)+Q36),15),FLOOR((MID(TEXT(L37,"hh:mm:ss"),4,2)+Q36),15)) -> 3 | T37: =T36-L37 -> -0.027083333 | V37: 0.33333333 | W37: 45287 | Y37: =IF(M37="O",P37 - AA37,"0:00:00") -> 0.3125 | Z37: =IF(M37="C",P37,"0:00:00") -> 0:00:00 | AA37: =IF(P37="M",Q37-P37,"0:00:00") -> 0:00:00 | AB37: =SUM(Y37:Z37) -> 0.3125 | AC37: 0.33333333 | AD37: =V37=AC37 -> TRUE
P38: =TIME(MID(TEXT(L38,"hh:mm:ss"),1,2), IF(ABS((MID(TEXT(L38,"hh:mm:ss"),4,2)+Q37)-FLOOR((MID(TEXT(L38,"hh:mm:ss"),4,2)+Q37),15))>=ABS((MID(TEXT(L38,"hh:mm:ss"),4,2)+Q37)-CEILING((MID(TEXT(L38,"hh:mm:ss"),4,2)+Q37),15)),CEILING((MID(TEXT(L38,"hh:mm:ss"),4,2)+Q37),15),FLOOR((MID(TEXT(L38,"hh:mm:ss"),4,2)+Q37),15)), MID(TEXT(L38,"hh:mm:ss"),7,2)) -> 0 | Q38: =VALUE(MID(TEXT(L38,"hh:mm:ss"),4,2)+Q37)-IF(ABS((MID(TEXT(L38,"hh:mm:ss"),4,2)+Q37)-FLOOR((MID(TEXT(L38,"hh:mm:ss"),4,2)+Q37),15))>ABS((MID(TEXT(L38,"hh:mm:ss"),4,2)+Q37)-CEILING((MID(TEXT(L38,"hh:mm:ss"),4,2)+Q37),15)),CEILING((MID(TEXT(L38,"hh:mm:ss"),4,2)+Q37),15),FLOOR((MID(TEXT(L38,"hh:mm:ss"),4,2)+Q37),15)) -> 3 | T38: =T37-L38 -> -0.027083333 | V38: 0.45833333 | W38: 45288 | Y38: =IF(M38="O",P38 - AA38,"0:00:00") -> 0:00:00 | Z38: =IF(M38="C",P38,"0:00:00") -> 0:00:00 | AA38: =IF(P38="M",Q38-P38,"0:00:00") -> 0:00:00 | AB38: =SUM(Y38:Z38) -> 0 | AC38: 0.45833333 | AD38: =V38=AC38 -> TRUE
P39: =TIME(MID(TEXT(L39,"hh:mm:ss"),1,2), IF(ABS((MID(TEXT(L39,"hh:mm:ss"),4,2)+Q38)-FLOOR((MID(TEXT(L39,"hh:mm:ss"),4,2)+Q38),15))>=ABS((MID(TEXT(L39,"hh:mm:ss"),4,2)+Q38)-CEILING((MID(TEXT(L39,"hh:mm:ss"),4,2)+Q38),15)),CEILING((MID(TEXT(L39,"hh:mm:ss"),4,2)+Q38),15),FLOOR((MID(TEXT(L39,"hh:mm:ss"),4,2)+Q38),15)), MID(TEXT(L39,"hh:mm:ss"),7,2)) -> 0 | Q39: =VALUE(MID(TEXT(L39,"hh:mm:ss"),4,2)+Q38)-IF(ABS((MID(TEXT(L39,"hh:mm:ss"),4,2)+Q38)-FLOOR((MID(TEXT(L39,"hh:mm:ss"),4,2)+Q38),15))>ABS((MID(TEXT(L39,"hh:mm:ss"),4,2)+Q38)-CEILING((MID(TEXT(L39,"hh:mm:ss"),4,2)+Q38),15)),CEILING((MID(TEXT(L39,"hh:mm:ss"),4,2)+Q38),15),FLOOR((MID(TEXT(L39,"hh:mm:ss"),4,2)+Q38),15)) -> 3 | T39: =T38-L39 -> -0.027083333 | W39: 45289 | Y39: =IF(M39="O",P39 - AA39,"0:00:00") -> 0:00:00 | Z39: =IF(M39="C",P39,"0:00:00") -> 0:00:00 | AA39: =IF(P39="M",Q39-P39,"0:00:00") -> 0:00:00 | AB39: =SUM(Y39:Z39) -> 0
A40: Semana 5 | L40: =SUM(L35:L39) -> 0.97638889 | P40: =SUM(P35:P39) -> 0.96875 | W40: Semana 5
Y42: =SUM(Y7:Y11,Y14:Y18,Y21:Y25,Y28:Y32,Y35:Y39) -> 3.40625 | Z42: =SUM(Z7:Z11,Z14:Z18,Z21:Z25,Z28:Z32,Z35:Z39) -> 3.4895833 | AA42: =SUM(AA7:AA11,AA14:AA18,AA21:AA25,AA28:AA32,AA35:AA39) -> 0 | AB42: =SUM(AB7:AB11,AB14:AB18,AB21:AB25,AB28:AB32,AB35:AB39) -> 6.8958333
A43: Total Mes | L43: =SUM(L33,L26,L19,L12,L40) -> 6.8972222 | P43: =SUM(P12,P19,P26,P33,P40) -> 6.8958333 | V43: =SUM(V7:V42) -> 6.4270833 | AC43: =SUM(AC7:AC42) -> 6.4270833
Y44: =Y42/C47 -> 0.49385824 | Z44: =Z42/C47 -> 0.50594039 | AA44: =AA42/C47 -> 0 | AB44: =SUM(Y44:AA44) -> 0.99979863
A46: HORAS TOTAL MES: | C46: =J1*J2+L1*L2 -> 6.875
B47: Hechas: | C47: =L43 -> 6.8972222
B48: Faltan: | C48: =IF(C46>C47,C46-C47,"00:00:00") -> 00:00:00
B49: Sobran: | C49: =IF(C47>C46,C47-C46,"00:00:00") -> 0.022222222
B51: Acumuladas Faltan: | C51: 0 | E51: Saldo Faltan: | F51: =IF(C51>C52,C51-C52,"00:00:00") -> 00:00:00
B52: Acumuladas Sobran: | C52: 0 | E52: Saldo Sobran: | F52: =IF(C52>C51,C52-C51,"00:00:00") -> 00:00:00
A53: Vacaciones: | C53: =Horas!F3-(Septiembre!J1+Septiembre!L1) -> 0 | D53: Vacaciones (J.V): | F53: 0
A54: Puentes Recuperables: | C54: 0 | D54: Puentes Recuperables Acum: | F54: 0
AD55: :

Sheet Octubre
A1: Empresa: | B1: IZERTIS | E1: Tiempo min comida | F1: 0.020833333 | I1: Dias Mes: | J1: 21
A2: Nombre: | E2: Tiempo desayuno | F2: 0.013888889 | I2: Horas / Día: | J2: 0.33333333
A3: Mes: | B3: 46296 | E3: % R.Domic. | F3: 50 | I3: Días R.Dom: | J3: 8
N4: Teletrabajo tardes MIXTO
A5: Día | B5: ENTRADA | C5: Salida Desay | D5: Entrada Desay | E5: Salida Comida | F5: Entrada Comida | G5: Hora Salida | H5: Hora Entrada | I5: SALIDA | J5: Total Comida | K5: Total Desayuno | L5: Total Día | M5: Ubic | N5: Entrada Comida | O5: SALIDA | T5: =C46 -> 7 | V5: JIRA | W5: Día | Y5: CONTROL TELETRABAJO | AC5: IZERTIA | AD5: IZERTIA/JIRA
Q6: 1 | Y6: OFICINA | Z6: CASA | AA6: MIXTA T. | AB6: Total
P7: =MROUND(L7,"0:15") -> 0 | Q7: =VALUE(MID(TEXT(L7,"hh:mm:ss"),4,2)+Q6)-IF(ABS((MID(TEXT(L7,"hh:mm:ss"),4,2)+Q6)-FLOOR((MID(TEXT(L7,"hh:mm:ss"),4,2)+Q6),15))>ABS((MID(TEXT(L7,"hh:mm:ss"),4,2)+Q6)-CEILING((MID(TEXT(L7,"hh:mm:ss"),4,2)+Q6),15)),CEILING((MID(TEXT(L7,"hh:mm:ss"),4,2)+Q6),15),FLOOR((MID(TEXT(L7,"hh:mm:ss"),4,2)+Q6),15)) -> 1 | T7: =T5-L7 -> 7 | V7: 0 | Y7: =IF(O7="O",V7 - AA7,"0:00:00") -> 0:00:00 | Z7: =IF(M7="C",P7,"0:00:00") -> 0:00:00 | AA7: =IF(P7="M",Q7-P7,"0:00:00") -> 0:00:00 | AB7: =SUM(Y7:Z7) -> 0 | AC7: 0
P8: =MROUND(L8,"0:15") -> 0 | Q8: =VALUE(MID(TEXT(L8,"hh:mm:ss"),4,2)+Q7)-IF(ABS((MID(TEXT(L8,"hh:mm:ss"),4,2)+Q7)-FLOOR((MID(TEXT(L8,"hh:mm:ss"),4,2)+Q7),15))>ABS((MID(TEXT(L8,"hh:mm:ss"),4,2)+Q7)-CEILING((MID(TEXT(L8,"hh:mm:ss"),4,2)+Q7),15)),CEILING((MID(TEXT(L8,"hh:mm:ss"),4,2)+Q7),15),FLOOR((MID(TEXT(L8,"hh:mm:ss"),4,2)+Q7),15)) -> 1 | T8: =T7-L8 -> 7 | V8: 0 | Y8: =IF(M8="O",P8 - AA8,"0:00:00") -> 0:00:00 | Z8: =IF(M8="C",P8,"0:00:00") -> 0:00:00 | AA8: 0 | AB8: =SUM(Y8:Z8) -> 0 | AC8: 0
P9: =MROUND(L9,"0:15") -> 0 | Q9: =VALUE(MID(TEXT(L9,"hh:mm:ss"),4,2)+Q8)-IF(ABS((MID(TEXT(L9,"hh:mm:ss"),4,2)+Q8)-FLOOR((MID(TEXT(L9,"hh:mm:ss"),4,2)+Q8),15))>ABS((MID(TEXT(L9,"hh:mm:ss"),4,2)+Q8)-CEILING((MID(TEXT(L9,"hh:mm:ss"),4,2)+Q8),15)),CEILING((MID(TEXT(L9,"hh:mm:ss"),4,2)+Q8),15),FLOOR((MID(TEXT(L9,"hh:mm:ss"),4,2)+Q8),15)) -> 1 | T9: =T8-L9 -> 7 | V9: 0 | Y9: =IF(M9="O",P9 - AA9,"0:00:00") -> 0:00:00 | Z9: =IF(M9="C",P9,"0:00:00") -> 0:00:00 | AA9: =IF(P9="M",Q9-P9,"0:00:00") -> 0:00:00 | AB9: =SUM(Y9:Z9) -> 0 | AC9: 0 | AD9: =V9=AC9 -> TRUE
A10: 46296 | B10: 0.30277778 | C10: 0.50347222 | D10: 0.51875 | I10: 0.61527778 | J10: =F10-E10 -> 0 | K10: =IF((D10-C10)<=$F$2,0,(D10-C10)-$F$2) -> 0.0013888889 | L10: =(I10-B10)-K10-(H10-G10)-J10 -> 0.31111111 | M10: O | P10: =MROUND(L10,"0:15") -> 0.3125 | Q10: =VALUE(MID(TEXT(L10,"hh:mm:ss"),4,2)+Q9)-IF(ABS((MID(TEXT(L10,"hh:mm:ss"),4,2)+Q9)-FLOOR((MID(TEXT(L10,"hh:mm:ss"),4,2)+Q9),15))>ABS((MID(TEXT(L10,"hh:mm:ss"),4,2)+Q9)-CEILING((MID(TEXT(L10,"hh:mm:ss"),4,2)+Q9),15)),CEILING((MID(TEXT(L10,"hh:mm:ss"),4,2)+Q9),15),FLOOR((MID(TEXT(L10,"hh:mm:ss"),4,2)+Q9),15)) -> -1 | T10: =T9-L10 -> 6.6888889 | V10: 0.45833333 | Y10: =IF(M10="O",P10 - AA10,"0:00:00") -> 0.3125 | Z10: =IF(M10="C",P10,"0:00:00") -> 0:00:00 | AA10: =IF(P10="M",Q10-P10,"0:00:00") -> 0:00:00 | AB10: =SUM(Y10:Z10) -> 0.3125 | AC10: 0.45833333 | AD10: =V10=AC10 -> TRUE
A11: 46297 | B11: 0.35347222 | C11: 0.53125 | D11: 0.54513889 | I11: 0.66527778 | J11: 0 | K11: =IF((D11-C11)<=$F$2,0,(D11-C11)-$F$2) -> 0 | L11: =(I11-B11)-K11-(H11-G11)-J11 -> 0.31180556 | M11: C | P11: =MROUND(L11,"0:15") -> 0.3125 | Q11: =VALUE(MID(TEXT(L11,"hh:mm:ss"),4,2)+Q10)-IF(ABS((MID(TEXT(L11,"hh:mm:ss"),4,2)+Q10)-FLOOR((MID(TEXT(L11,"hh:mm:ss"),4,2)+Q10),15))>ABS((MID(TEXT(L11,"hh:mm:ss"),4,2)+Q10)-CEILING((MID(TEXT(L11,"hh:mm:ss"),4,2)+Q10),15)),CEILING((MID(TEXT(L11,"hh:mm:ss"),4,2)+Q10),15),FLOOR((MID(TEXT(L11,"hh:mm:ss"),4,2)+Q10),15)) -> -2 | T11: =T10-L11 -> 6.3770833 | V11: 0.29166667 | W11: 45261 | Y11: =IF(M11="O",P11 - AA11,"0:00:00") -> 0:00:00 | Z11: =IF(M11="C",P11,"0:00:00") -> 0.3125 | AA11: =IF(P11="M",Q11-P11,"0:00:00") -> 0:00:00 | AB11: =SUM(Y11:Z11) -> 0.3125 | AC11: 0.29166667 | AD11: =V11=AC11 -> TRUE
A12: Semana 1 | L12: =SUM(L7:L11) -> 0.62291667 | P12: =SUM(P7:P11) -> 0.625 | W12: Semana 1
Q13: =Q11 -> -2
A14: 46300 | B14: 0.29861111 | C14: 0.48125 | D14: 0.49444444 | I14: 0.62291667 | J14: 0 | K14: =IF((D14-C14)<=$F$2,0,(D14-C14)-$F$2) -> 0 | L14: =(I14-B14)-K14-(H14-G14)-J14 -> 0.32430556 | M14: O | P14: =MROUND(L14,"0:15") -> 0.32291667 | Q14: =VALUE(MID(TEXT(L14,"hh:mm:ss"),4,2)+Q13)-IF(ABS((MID(TEXT(L14,"hh:mm:ss"),4,2)+Q13)-FLOOR((MID(TEXT(L14,"hh:mm:ss"),4,2)+Q13),15))>ABS((MID(TEXT(L14,"hh:mm:ss"),4,2)+Q13)-CEILING((MID(TEXT(L14,"hh:mm:ss"),4,2)+Q13),15)),CEILING((MID(TEXT(L14,"hh:mm:ss"),4,2)+Q13),15),FLOOR((MID(TEXT(L14,"hh:mm:ss"),4,2)+Q13),15)) -> 0 | T14: =T11-L14 -> 6.0527778 | V14: 0.30208333 | W14: 45264 | Y14: =IF(M14="O",P14 - AA14,"0:00:00") -> 0.32291667 | Z14: =IF(M14="C",P14,"0:00:00") -> 0:00:00 | AA14: =IF(P14="M",Q14-P14,"0:00:00") -> 0:00:00 | AB14: =SUM(Y14:Z14) -> 0.32291667 | AC14: 0.30208333 | AD14: =V14=AC14 -> TRUE
A15: 46301 | B15: 0.31111111 | C15: 0.54861111 | D15: 0.56180556 | E15: 0.64375 | F15: 0.66597222 | I15: 0.73958333 | J15: =IF((F15-E15)<$F$1,$F$1,F15-E15) -> 0.022222222 | K15: =IF((D15-C15)<=$F$2,0,(D15-C15)-$F$2) -> 0 | L15: =(I15-B15)-K15-(H15-G15)-J15 -> 0.40625 | M15: C | P15: =MROUND(L15,"0:15") -> 0.40625 | Q15: =VALUE(MID(TEXT(L15,"hh:mm:ss"),4,2)+Q14)-IF(ABS((MID(TEXT(L15,"hh:mm:ss"),4,2)+Q14)-FLOOR((MID(TEXT(L15,"hh:mm:ss"),4,2)+Q14),15))>ABS((MID(TEXT(L15,"hh:mm:ss"),4,2)+Q14)-CEILING((MID(TEXT(L15,"hh:mm:ss"),4,2)+Q14),15)),CEILING((MID(TEXT(L15,"hh:mm:ss"),4,2)+Q14),15),FLOOR((MID(TEXT(L15,"hh:mm:ss"),4,2)+Q14),15)) -> 0 | T15: =T14-L15 -> 5.6465278 | V15: 0.25 | W15: 45265 | Y15: =IF(M15="O",P15 - AA15,"0:00:00") -> 0:00:00 | Z15: =IF(M15="C",P15,"0:00:00") -> 0.40625 | AA15: =IF(P15="M",Q15-P15,"0:00:00") -> 0:00:00 | AB15: =SUM(Y15:Z15) -> 0.40625 | AC15: 0.25 | AD15: =V15=AC15 -> TRUE
A16: 46302 | B16: 0.30555556 | C16: 0.52916667 | D16: 0.54305556 | I16: 0.62291667 | J16: =F16-E16 -> 0 | K16: =IF((D16-C16)<=$F$2,0,(D16-C16)-$F$2) -> 0 | L16: =(I16-B16)-K16-(H16-G16)-J16 -> 0.31736111 | M16: O | P16: =MROUND(L16,"0:15") -> 0.3125 | Q16: =VALUE(MID(TEXT(L16,"hh:mm:ss"),4,2)+Q15)-IF(ABS((MID(TEXT(L16,"hh:mm:ss"),4,2)+Q15)-FLOOR((MID(TEXT(L16,"hh:mm:ss"),4,2)+Q15),15))>ABS((MID(TEXT(L16,"hh:mm:ss"),4,2)+Q15)-CEILING((MID(TEXT(L16,"hh:mm:ss"),4,2)+Q15),15)),CEILING((MID(TEXT(L16,"hh:mm:ss"),4,2)+Q15),15),FLOOR((MID(TEXT(L16,"hh:mm:ss"),4,2)+Q15),15)) -> 7 | T16: =T15-P16 -> 5.3340278 | V16: 0.23958333 | W16: 45266 | Y16: =IF(M16="O",P16 - AA16,"0:00:00") -> 0.3125 | Z16: =IF(M16="C",P16,"0:00:00") -> 0:00:00 | AA16: =IF(P16="M",Q16-P16,"0:00:00") -> 0:00:00 | AB16: =SUM(Y16:Z16) -> 0.3125 | AC16: 0.23958333 | AD16: =V16=AC16 -> TRUE
A17: 46303 | B17: 0.33125 | I17: 0.64375 | J17: =F17-E17 -> 0 | K17: =IF((D17-C17)<=$F$2,0,(D17-C17)-$F$2) -> 0 | L17: =(I17-B17)-K17-(H17-G17)-J17 -> 0.3125 | M17: C | P17: =MROUND(L17,"0:15") -> 0.3125 | Q17: =VALUE(MID(TEXT(L17,"hh:mm:ss"),4,2)+Q16)-IF(ABS((MID(TEXT(L17,"hh:mm:ss"),4,2)+Q16)-FLOOR((MID(TEXT(L17,"hh:mm:ss"),4,2)+Q16),15))>ABS((MID(TEXT(L17,"hh:mm:ss"),4,2)+Q16)-CEILING((MID(TEXT(L17,"hh:mm:ss"),4,2)+Q16),15)),CEILING((MID(TEXT(L17,"hh:mm:ss"),4,2)+Q16),15),FLOOR((MID(TEXT(L17,"hh:mm:ss"),4,2)+Q16),15)) -> 7 | T17: =T16-P17 -> 5.0215278 | V17: 0 | W17: 45267 | Y17: =IF(M17="O",P17 - AA17,"0:00:00") -> 0:00:00 | Z17: =IF(M17="C",P17,"0:00:00") -> 0.3125 | AA17: =IF(P17="M",Q17-P17,"0:00:00") -> 0:00:00 | AB17: =SUM(Y17:Z17) -> 0.3125 | AC17: 0 | AD17: =V17=AC17 -> TRUE
A18: 46304 | B18: 0.31041667 | C18: 0.54305556 | D18: 0.55138889 | I18: 0.62847222 | J18: 0 | K18: =IF((D18-C18)<=$F$2,0,(D18-C18)-$F$2) -> 0 | L18: =(I18-B18)-K18-(H18-G18)-J18 -> 0.31805556 | M18: C | P18: =MROUND(L18,"0:15") -> 0.32291667 | Q18: =VALUE(MID(TEXT(L18,"hh:mm:ss"),4,2)+Q17)-IF(ABS((MID(TEXT(L18,"hh:mm:ss"),4,2)+Q17)-FLOOR((MID(TEXT(L18,"hh:mm:ss"),4,2)+Q17),15))>ABS((MID(TEXT(L18,"hh:mm:ss"),4,2)+Q17)-CEILING((MID(TEXT(L18,"hh:mm:ss"),4,2)+Q17),15)),CEILING((MID(TEXT(L18,"hh:mm:ss"),4,2)+Q17),15),FLOOR((MID(TEXT(L18,"hh:mm:ss"),4,2)+Q17),15)) -> 0 | T18: =T17-L18 -> 4.7034722 | V18: 0 | W18: 45268 | Y18: =IF(M18="O",P18 - AA18,"0:00:00") -> 0:00:00 | Z18: =IF(M18="C",P18,"0:00:00") -> 0.32291667 | AA18: =IF(P18="M",Q18-P18,"0:00:00") -> 0:00:00 | AB18: =SUM(Y18:Z18) -> 0.32291667 | AC18: 0 | AD18: =V18=AC18 -> TRUE
A19: Semana 2 | L19: =SUM(L14:L18) -> 1.6784722 | P19: =SUM(P14:P18) -> 1.6770833 | W19: Semana 2
Q20: =Q18 -> 0
A21: 46307 | P21: =MROUND(L21,"0:15") -> 0 | Q21: =VALUE(MID(TEXT(L21,"hh:mm:ss"),4,2)+Q20)-IF(ABS((MID(TEXT(L21,"hh:mm:ss"),4,2)+Q20)-FLOOR((MID(TEXT(L21,"hh:mm:ss"),4,2)+Q20),15))>ABS((MID(TEXT(L21,"hh:mm:ss"),4,2)+Q20)-CEILING((MID(TEXT(L21,"hh:mm:ss"),4,2)+Q20),15)),CEILING((MID(TEXT(L21,"hh:mm:ss"),4,2)+Q20),15),FLOOR((MID(TEXT(L21,"hh:mm:ss"),4,2)+Q20),15)) -> 0 | T21: =T18-L21 -> 4.7034722 | V21: 0.36458333 | W21: 45271 | Y21: =IF(M21="O",P21 - AA21,"0:00:00") -> 0:00:00 | Z21: =IF(M21="C",P21,"0:00:00") -> 0:00:00 | AA21: =IF(P21="M",Q21-P21,"0:00:00") -> 0:00:00 | AB21: =SUM(Y21:Z21) -> 0 | AC21: 0.36458333 | AD21: =V21=AC21 -> TRUE
A22: 46308 | B22: 0.29166667 | C22: 0.47916667 | D22: 0.49166667 | I22: 0.67222222 | J22: 0 | K22: =IF((D22-C22)<=$F$2,0,(D22-C22)-$F$2) -> 0 | L22: =(I22-B22)-K22-(H22-G22)-J22 -> 0.38055556 | M22: C | P22: =MROUND(L22,"0:15") -> 0.38541667 | Q22: =VALUE(MID(TEXT(L22,"hh:mm:ss"),4,2)+Q21)-IF(ABS((MID(TEXT(L22,"hh:mm:ss"),4,2)+Q21)-FLOOR((MID(TEXT(L22,"hh:mm:ss"),4,2)+Q21),15))>ABS((MID(TEXT(L22,"hh:mm:ss"),4,2)+Q21)-CEILING((MID(TEXT(L22,"hh:mm:ss"),4,2)+Q21),15)),CEILING((MID(TEXT(L22,"hh:mm:ss"),4,2)+Q21),15),FLOOR((MID(TEXT(L22,"hh:mm:ss"),4,2)+Q21),15)) -> -7 | T22: =T21-L22 -> 4.3229167 | V22: 0.36458333 | W22: 45272 | Y22: =IF(M22="O",P22 - AA22,"0:00:00") -> 0:00:00 | Z22: =IF(M22="C",P22,"0:00:00") -> 0.38541667 | AA22: =IF(P22="M",Q22-P22,"0:00:00") -> 0:00:00 | AB22: =SUM(Y22:Z22) -> 0.38541667 | AC22: 0.36458333 | AD22: =V22=AC22 -> TRUE
A23: 46309 | B23: 0.30972222 | C23: 0.475 | D23: 0.4875 | I23: 0.64583333 | J23: 0 | K23: =IF((D23-C23)<=$F$2,0,(D23-C23)-$F$2) -> 0 | L23: =(I23-B23)-K23-(H23-G23)-J23 -> 0.33611111 | M23: O | P23: =MROUND(L23,"0:15") -> 0.33333333 | Q23: =VALUE(MID(TEXT(L23,"hh:mm:ss"),4,2)+Q22)-IF(ABS((MID(TEXT(L23,"hh:mm:ss"),4,2)+Q22)-FLOOR((MID(TEXT(L23,"hh:mm:ss"),4,2)+Q22),15))>ABS((MID(TEXT(L23,"hh:mm:ss"),4,2)+Q22)-CEILING((MID(TEXT(L23,"hh:mm:ss"),4,2)+Q22),15)),CEILING((MID(TEXT(L23,"hh:mm:ss"),4,2)+Q22),15),FLOOR((MID(TEXT(L23,"hh:mm:ss"),4,2)+Q22),15)) -> -3 | T23: =T22-L23 -> 3.9868056 | V23: 0.45833333 | W23: 45273 | Y23: =IF(M23="O",P23 - AA23,"0:00:00") -> 0.33333333 | Z23: =IF(M23="C",P23,"0:00:00") -> 0:00:00 | AA23: =IF(P23="M",Q23-P23,"0:00:00") -> 0:00:00 | AB23: =SUM(Y23:Z23) -> 0.33333333 | AC23: 0.45833333 | AD23: =V23=AC23 -> TRUE
A24: 46310 | B24: 0.30972222 | C24: 0.47083333 | D24: 0.48402778 | I24: 0.61805556 | J24: 0 | K24: =IF((D24-C24)<=$F$2,0,(D24-C24)-$F$2) -> 0 | L24: =(I24-B24)-K24-(H24-G24)-J24 -> 0.30833333 | M24: O | P24: =MROUND(L24,"0:15") -> 0.3125 | Q24: =VALUE(MID(TEXT(L24,"hh:mm:ss"),4,2)+Q23)-IF(ABS((MID(TEXT(L24,"hh:mm:ss"),4,2)+Q23)-FLOOR((MID(TEXT(L24,"hh:mm:ss"),4,2)+Q23),15))>ABS((MID(TEXT(L24,"hh:mm:ss"),4,2)+Q23)-CEILING((MID(TEXT(L24,"hh:mm:ss"),4,2)+Q23),15)),CEILING((MID(TEXT(L24,"hh:mm:ss"),4,2)+Q23),15),FLOOR((MID(TEXT(L24,"hh:mm:ss"),4,2)+Q23),15)) -> 6 | T24: =T23-L24 -> 3.6784722 | V24: 0.32291667 | W24: 45274 | Y24: =IF(M24="O",P24 - AA24,"0:00:00") -> 0.3125 | Z24: =IF(M24="C",P24,"0:00:00") -> 0:00:00 | AA24: =IF(P24="M",Q24-P24,"0:00:00") -> 0:00:00 | AB24: =SUM(Y24:Z24) -> 0.3125 | AC24: 0.32291667 | AD24: =V24=AC24 -> TRUE
A25: 46311 | B25: 0.3125 | C25: 0.46388889 | D25: 0.47777778 | I25: 0.64444444 | J25: 0 | K25: =IF((D25-C25)<=$F$2,0,(D25-C25)-$F$2) -> 6.2450045e-17 | L25: =(I25-B25)-K25-(H25-G25)-J25 -> 0.33194444 | M25: C | P25: =MROUND(L25,"0:15") -> 0.33333333 | Q25: =VALUE(MID(TEXT(L25,"hh:mm:ss"),4,2)+Q24)-IF(ABS((MID(TEXT(L25,"hh:mm:ss"),4,2)+Q24)-FLOOR((MID(TEXT(L25,"hh:mm:ss"),4,2)+Q24),15))>ABS((MID(TEXT(L25,"hh:mm:ss"),4,2)+Q24)-CEILING((MID(TEXT(L25,"hh:mm:ss"),4,2)+Q24),15)),CEILING((MID(TEXT(L25,"hh:mm:ss"),4,2)+Q24),15),FLOOR((MID(TEXT(L25,"hh:mm:ss"),4,2)+Q24),15)) -> 4 | T25: =T24-L25 -> 3.3465278 | V25: 0.36458333 | W25: 45275 | Y25: =IF(M25="O",P25 - AA25,"0:00:00") -> 0:00:00 | Z25: =IF(M25="C",P25,"0:00:00") -> 0.33333333 | AA25: =IF(P25="M",Q25-P25,"0:00:00") -> 0:00:00 | AB25: =SUM(Y25:Z25) -> 0.33333333 | AC25: 0.36458333 | AD25: =V25=AC25 -> TRUE
A26: Semana 3 | L26: =SUM(L21:L25) -> 1.3569444 | P26: =SUM(P21:P25) -> 1.3645833 | W26: Semana 3
Q27: =Q25 -> 4
A28: 46314 | B28: 0.31180556 | C28: 0.55069444 | D28: 0.56111111 | I28: 0.64930556 | J28: 0 | K28: =IF((D28-C28)<=$F$2,0,(D28-C28)-$F$2) -> 0 | L28: =(I28-B28)-K28-(H28-G28)-J28 -> 0.3375 | M28: O | P28: =MROUND(L28,"0:15") -> 0.33333333 | Q28: =VALUE(MID(TEXT(L28,"hh:mm:ss"),4,2)+Q27)-IF(ABS((MID(TEXT(L28,"hh:mm:ss"),4,2)+Q27)-FLOOR((MID(TEXT(L28,"hh:mm:ss"),4,2)+Q27),15))>ABS((MID(TEXT(L28,"hh:mm:ss"),4,2)+Q27)-CEILING((MID(TEXT(L28,"hh:mm:ss"),4,2)+Q27),15)),CEILING((MID(TEXT(L28,"hh:mm:ss"),4,2)+Q27),15),FLOOR((MID(TEXT(L28,"hh:mm:ss"),4,2)+Q27),15)) -> -5 | T28: =T25-L28 -> 3.0090278 | V28: 0.30208333 | W28: 45278 | Y28: =IF(M28="O",P28 - AA28,"0:00:00") -> 0.33333333 | Z28: =IF(M28="C",P28,"0:00:00") -> 0:00:00 | AA28: =IF(P28="M",Q28-P28,"0:00:00") -> 0:00:00 | AB28: =SUM(Y28:Z28) -> 0.33333333 | AC28: 0.30208333 | AD28: =V28=AC28 -> TRUE
A29: 46315 | B29: 0.31041667 | C29: 0.50138889 | D29: 0.51527778 | E29: 0.63541667 | F29: 0.65625 | I29: 0.71875 | J29: =IF((F29-E29)<$F$1,$F$1,F29-E29) -> 0.020833333 | K29: =IF((D29-C29)<=$F$2,0,(D29-C29)-$F$2) -> 6.2450045e-17 | L29: =(I29-B29)-K29-(H29-G29)-J29 -> 0.3875 | M29: C | P29: =MROUND(L29,"0:15") -> 0.38541667 | Q29: =VALUE(MID(TEXT(L29,"hh:mm:ss"),4,2)+Q28)-IF(ABS((MID(TEXT(L29,"hh:mm:ss"),4,2)+Q28)-FLOOR((MID(TEXT(L29,"hh:mm:ss"),4,2)+Q28),15))>ABS((MID(TEXT(L29,"hh:mm:ss"),4,2)+Q28)-CEILING((MID(TEXT(L29,"hh:mm:ss"),4,2)+Q28),15)),CEILING((MID(TEXT(L29,"hh:mm:ss"),4,2)+Q28),15),FLOOR((MID(TEXT(L29,"hh:mm:ss"),4,2)+Q28),15)) -> -2 | T29: =T28-L29 -> 2.6215278 | V29: 0 | W29: 45279 | Y29: =IF(M29="O",P29 - AA29,"0:00:00") -> 0:00:00 | Z29: =IF(M29="C",P29,"0:00:00") -> 0.38541667 | AA29: =IF(P29="M",Q29-P29,"0:00:00") -> 0:00:00 | AB29: =SUM(Y29:Z29) -> 0.38541667 | AC29: 0.21875 | AD29: =V29=AC29 -> FALSE
A30: 46316 | B30: 0.30486111 | C30: 0.52430556 | D30: 0.5375 | I30: 0.61805556 | J30: 0 | K30: =IF((D30-C30)<=$F$2,0,(D30-C30)-$F$2) -> 0 | L30: =(I30-B30)-K30-(H30-G30)-J30 -> 0.31319444 | M30: O | P30: =MROUND(L30,"0:15") -> 0.3125 | Q30: =VALUE(MID(TEXT(L30,"hh:mm:ss"),4,2)+Q29)-IF(ABS((MID(TEXT(L30,"hh:mm:ss"),4,2)+Q29)-FLOOR((MID(TEXT(L30,"hh:mm:ss"),4,2)+Q29),15))>ABS((MID(TEXT(L30,"hh:mm:ss"),4,2)+Q29)-CEILING((MID(TEXT(L30,"hh:mm:ss"),4,2)+Q29),15)),CEILING((MID(TEXT(L30,"hh:mm:ss"),4,2)+Q29),15),FLOOR((MID(TEXT(L30,"hh:mm:ss"),4,2)+Q29),15)) -> -1 | T30: =T29-L30 -> 2.3083333 | V30: 0.35416667 | W30: 45280 | Y30: =IF(M30="O",P30 - AA30,"0:00:00") -> 0.3125 | Z30: =IF(M30="C",P30,"0:00:00") -> 0:00:00 | AA30: =IF(P30="M",Q30-P30,"0:00:00") -> 0:00:00 | AB30: =SUM(Y30:Z30) -> 0.3125 | AC30: 0.30208333 | AD30: =V30=AC30 -> FALSE
A31: 46317 | B31: 0.30486111 | I31: 0.61527778 | J31: 0 | K31: =IF((D31-C31)<=$F$2,0,(D31-C31)-$F$2) -> 0 | L31: =(I31-B31)-K31-(H31-G31)-J31 -> 0.31041667 | M31: O | P31: =MROUND(L31,"0:15") -> 0.3125 | Q31: =VALUE(MID(TEXT(L31,"hh:mm:ss"),4,2)+Q30)-IF(ABS((MID(TEXT(L31,"hh:mm:ss"),4,2)+Q30)-FLOOR((MID(TEXT(L31,"hh:mm:ss"),4,2)+Q30),15))>ABS((MID(TEXT(L31,"hh:mm:ss"),4,2)+Q30)-CEILING((MID(TEXT(L31,"hh:mm:ss"),4,2)+Q30),15)),CEILING((MID(TEXT(L31,"hh:mm:ss"),4,2)+Q30),15),FLOOR((MID(TEXT(L31,"hh:mm:ss"),4,2)+Q30),15)) -> -4 | T31: =T30-L31 -> 1.9979167 | V31: 0.41666667 | W31: 45281 | Y31: =IF(M31="O",P31 - AA31,"0:00:00") -> 0.3125 | Z31: =IF(M31="C",P31,"0:00:00") -> 0:00:00 | AA31: =IF(P31="M",Q31-P31,"0:00:00") -> 0:00:00 | AB31: =SUM(Y31:Z31) -> 0.3125 | AC31: 0.30208333 | AD31: =V31=AC31 -> FALSE
A32: 46318 | B32: 0.31111111 | C32: 0.50069444 | D32: 0.51388889 | I32: 0.64444444 | J32: 0 | K32: =IF((D32-C32)<=$F$2,0,(D32-C32)-$F$2) -> 0 | L32: =(I32-B32)-K32-(H32-G32)-J32 -> 0.33333333 | M32: C | P32: =MROUND(L32,"0:15") -> 0.33333333 | Q32: =VALUE(MID(TEXT(L32,"hh:mm:ss"),4,2)+Q31)-IF(ABS((MID(TEXT(L32,"hh:mm:ss"),4,2)+Q31)-FLOOR((MID(TEXT(L32,"hh:mm:ss"),4,2)+Q31),15))>ABS((MID(TEXT(L32,"hh:mm:ss"),4,2)+Q31)-CEILING((MID(TEXT(L32,"hh:mm:ss"),4,2)+Q31),15)),CEILING((MID(TEXT(L32,"hh:mm:ss"),4,2)+Q31),15),FLOOR((MID(TEXT(L32,"hh:mm:ss"),4,2)+Q31),15)) -> -4 | T32: =T31-L32 -> 1.6645833 | V32: 0.35416667 | W32: 45282 | Y32: =IF(M32="O",P32 - AA32,"0:00:00") -> 0:00:00 | Z32: =IF(M32="C",P32,"0:00:00") -> 0.33333333 | AA32: =IF(P32="M",Q32-P32,"0:00:00") -> 0:00:00 | AB32: =SUM(Y32:Z32) -> 0.33333333 | AC32: 0.30208333 | AD32: =V32=AC32 -> FALSE
A33: Semana 4 | L33: =SUM(L28:L32) -> 1.6819444 | P33: =SUM(P28:P32) -> 1.6770833 | W33: Semana 4
Q34: =Q32 -> -4
A35: 46321 | B35: 0.31180556 | C35: 0.55069444 | D35: 0.56111111 | I35: 0.64930556 | J35: 0 | K35: =IF((D35-C35)<=$F$2,0,(D35-C35)-$F$2) -> 0 | L35: =(I35-B35)-K35-(H35-G35)-J35 -> 0.3375 | M35: O | P35: =MROUND(L35,"0:15") -> 0.33333333 | Q35: =VALUE(MID(TEXT(L35,"hh:mm:ss"),4,2)+Q34)-IF(ABS((MID(TEXT(L35,"hh:mm:ss"),4,2)+Q34)-FLOOR((MID(TEXT(L35,"hh:mm:ss"),4,2)+Q34),15))>ABS((MID(TEXT(L35,"hh:mm:ss"),4,2)+Q34)-CEILING((MID(TEXT(L35,"hh:mm:ss"),4,2)+Q34),15)),CEILING((MID(TEXT(L35,"hh:mm:ss"),4,2)+Q34),15),FLOOR((MID(TEXT(L35,"hh:mm:ss"),4,2)+Q34),15)) -> 2 | T35: =T32-L35 -> 1.3270833 | V35: 0.33333333 | W35: 45285 | Y35: =IF(M35="O",P35 - AA35,"0:00:00") -> 0.33333333 | Z35: =IF(M35="C",P35,"0:00:00") -> 0:00:00 | AA35: =IF(P35="M",Q35-P35,"0:00:00") -> 0:00:00 | AB35: =SUM(Y35:Z35) -> 0.33333333 | AC35: 0.33333333 | AD35: =V35=AC35 -> TRUE
A36: 46322 | B36: 0.31041667 | C36: 0.50138889 | D36: 0.51527778 | E36: 0.63541667 | F36: 0.65625 | I36: 0.71875 | J36: =IF((F36-E36)<$F$1,$F$1,F36-E36) -> 0.020833333 | K36: =IF((D36-C36)<=$F$2,0,(D36-C36)-$F$2) -> 6.2450045e-17 | L36: =(I36-B36)-K36-(H36-G36)-J36 -> 0.3875 | M36: C | P36: =MROUND(L36,"0:15") -> 0.38541667 | Q36: =VALUE(MID(TEXT(L36,"hh:mm:ss"),4,2)+Q35)-IF(ABS((MID(TEXT(L36,"hh:mm:ss"),4,2)+Q35)-FLOOR((MID(TEXT(L36,"hh:mm:ss"),4,2)+Q35),15))>ABS((MID(TEXT(L36,"hh:mm:ss"),4,2)+Q35)-CEILING((MID(TEXT(L36,"hh:mm:ss"),4,2)+Q35),15)),CEILING((MID(TEXT(L36,"hh:mm:ss"),4,2)+Q35),15),FLOOR((MID(TEXT(L36,"hh:mm:ss"),4,2)+Q35),15)) -> 5 | T36: =T35-L36 -> 0.93958333 | V36: 0.45833333 | W36: 45286 | Y36: =IF(M36="O",P36 - AA36,"0:00:00") -> 0:00:00 | Z36: =IF(M36="C",P36,"0:00:00") -> 0.38541667 | AA36: =IF(P36="M",Q36-P36,"0:00:00") -> 0:00:00 | AB36: =SUM(Y36:Z36) -> 0.38541667 | AC36: 0.45833333 | AD36: =V36=AC36 -> TRUE
A37: 46323 | B37: 0.30486111 | C37: 0.52430556 | D37: 0.5375 | I37: 0.61805556 | J37: 0 | K37: =IF((D37-C37)<=$F$2,0,(D37-C37)-$F$2) -> 0 | L37: =(I37-B37)-K37-(H37-G37)-J37 -> 0.31319444 | M37: O | P37: =MROUND(L37,"0:15") -> 0.3125 | Q37: =VALUE(MID(TEXT(L37,"hh:mm:ss"),4,2)+Q36)-IF(ABS((MID(TEXT(L37,"hh:mm:ss"),4,2)+Q36)-FLOOR((MID(TEXT(L37,"hh:mm:ss"),4,2)+Q36),15))>ABS((MID(TEXT(L37,"hh:mm:ss"),4,2)+Q36)-CEILING((MID(TEXT(L37,"hh:mm:ss"),4,2)+Q36),15)),CEILING((MID(TEXT(L37,"hh:mm:ss"),4,2)+Q36),15),FLOOR((MID(TEXT(L37,"hh:mm:ss"),4,2)+Q36),15)) -> 6 | T37: =T36-L37 -> 0.62638889 | V37: 0.33333333 | W37: 45287 | Y37: =IF(M37="O",P37 - AA37,"0:00:00") -> 0.3125 | Z37: =IF(M37="C",P37,"0:00:00") -> 0:00:00 | AA37: =IF(P37="M",Q37-P37,"0:00:00") -> 0:00:00 | AB37: =SUM(Y37:Z37) -> 0.3125 | AC37: 0.33333333 | AD37: =V37=AC37 -> TRUE
A38: 46324 | B38: 0.30486111 | I38: 0.61527778 | J38: 0 | K38: =IF((D38-C38)<=$F$2,0,(D38-C38)-$F$2) -> 0 | L38: =(I38-B38)-K38-(H38-G38)-J38 -> 0.31041667 | M38: O | P38: =MROUND(L38,"0:15") -> 0.3125 | Q38: =VALUE(MID(TEXT(L38,"hh:mm:ss"),4,2)+Q37)-IF(ABS((MID(TEXT(L38,"hh:mm:ss"),4,2)+Q37)-FLOOR((MID(TEXT(L38,"hh:mm:ss"),4,2)+Q37),15))>ABS((MID(TEXT(L38,"hh:mm:ss"),4,2)+Q37)-CEILING((MID(TEXT(L38,"hh:mm:ss"),4,2)+Q37),15)),CEILING((MID(TEXT(L38,"hh:mm:ss"),4,2)+Q37),15),FLOOR((MID(TEXT(L38,"hh:mm:ss"),4,2)+Q37),15)) -> 3 | T38: =T37-L38 -> 0.31597222 | V38: 0.45833333 | W38: 45288 | Y38: =IF(M38="O",P38 - AA38,"0:00:00") -> 0.3125 | Z38: =IF(M38="C",P38,"0:00:00") -> 0:00:00 | AA38: =IF(P38="M",Q38-P38,"0:00:00") -> 0:00:00 | AB38: =SUM(Y38:Z38) -> 0.3125 | AC38: 0.45833333 | AD38: =V38=AC38 -> TRUE
A39: 46325 | B39: 0.31111111 | C39: 0.50069444 | D39: 0.51388889 | I39: 0.64305556 | J39: 0 | K39: =IF((D39-C39)<=$F$2,0,(D39-C39)-$F$2) -> 0 | L39: =(I39-B39)-K39-(H39-G39)-J39 -> 0.33194444 | M39: C | P39: =MROUND(L39,"0:15") -> 0.33333333 | Q39: =VALUE(MID(TEXT(L39,"hh:mm:ss"),4,2)+Q38)-IF(ABS((MID(TEXT(L39,"hh:mm:ss"),4,2)+Q38)-FLOOR((MID(TEXT(L39,"hh:mm:ss"),4,2)+Q38),15))>ABS((MID(TEXT(L39,"hh:mm:ss"),4,2)+Q38)-CEILING((MID(TEXT(L39,"hh:mm:ss"),4,2)+Q38),15)),CEILING((MID(TEXT(L39,"hh:mm:ss"),4,2)+Q38),15),FLOOR((MID(TEXT(L39,"hh:mm:ss"),4,2)+Q38),15)) -> 1 | T39: =T38-L39 -> -0.015972222 | W39: 45289 | Y39: =IF(M39="O",P39 - AA39,"0:00:00") -> 0:00:00 | Z39: =IF(M39="C",P39,"0:00:00") -> 0.33333333 | AA39: =IF(P39="M",Q39-P39,"0:00:00") -> 0:00:00 | AB39: =SUM(Y39:Z39) -> 0.33333333
A40: Semana 5 | L40: =SUM(L35:L39) -> 1.6805556 | P40: =SUM(P35:P39) -> 1.6770833 | W40: Semana 5
Y42: =SUM(Y7:Y11,Y14:Y18,Y21:Y25,Y28:Y32,Y35:Y39) -> 3.5104167 | Z42: =SUM(Z7:Z11,Z14:Z18,Z21:Z25,Z28:Z32,Z35:Z39) -> 3.5104167 | AA42: =SUM(AA7:AA11,AA14:AA18,AA21:AA25,AA28:AA32,AA35:AA39) -> 0 | AB42: =SUM(AB7:AB11,AB14:AB18,AB21:AB25,AB28:AB32,AB35:AB39) -> 7.0208333
A43: Total Mes | L43: =SUM(L33,L26,L19,L12,L40) -> 7.0208333 | P43: =SUM(P12,P19,P26,P33,P40) -> 7.0208333 | V43: =SUM(V7:V42) -> 6.4270833 | AC43: =SUM(AC7:AC42) -> 6.4270833
Y44: =Y42/C47 -> 0.5 | Z44: =Z42/C47 -> 0.5 | AA44: =AA42/C47 -> 0 | AB44: =SUM(Y44:AA44) -> 1
A46: HORAS TOTAL MES: | C46: =J1*J2 -> 7
B47: Hechas: | C47: =L43 -> 7.0208333
B48: Faltan: | C48: =IF(C46>C47,C46-C47,"00:00:00") -> 00:00:00
B49: Sobran: | C49: =IF(C47>C46,C47-C46,"00:00:00") -> 0.020833333
B51: Acumuladas Faltan: | C51: 0 | E51: Saldo Faltan: | F51: =IF(C51>C52,C51-C52,"00:00:00") -> 00:00:00
B52: Acumuladas Sobran: | C52: 0 | E52: Saldo Sobran: | F52: =IF(C52>C51,C52-C51,"00:00:00") -> 00:00:00
A53: Vacaciones: | C53: =Horas!G3-Octubre!J1 -> 0 | D53: Vacaciones Acumuladas: | F53: 0
A54: Puentes Recuperables: | C54: 0 | D54: Puentes Recuperables Acum: | F54: 0
AD55: :

Sheet Noviembre
A1: Empresa: | B1: IZERTIS | E1: Tiempo min comida | F1: 0.020833333 | I1: Dias Mes: | J1: 19
A2: Nombre: | E2: Tiempo desayuno | F2: 0.013888889 | I2: Horas / Día: | J2: 0.33333333
A3: Mes: | B3: 46327 | E3: % R.Domic. | F3: 50 | I3: Días R.Dom: | J3: 8
N4: Teletrabajo tardes MIXTO
A5: Día | B5: ENTRADA | C5: Salida Desay | D5: Entrada Desay | E5: Salida Comida | F5: Entrada Comida | G5: Hora Salida | H5: Hora Entrada | I5: SALIDA | J5: Total Comida | K5: Total Desayuno | L5: Total Día | M5: Ubic | N5: Entrada Comida | O5: SALIDA | T5: =C46 -> 6.3333333 | V5: JIRA | W5: Día | Y5: CONTROL TELETRABAJO | AC5: IZERTIA | AD5: IZERTIA/JIRA
Q6: 1 | Y6: OFICINA | Z6: CASA | AA6: MIXTA T. | AB6: Total
A7: 46328 | P7: =MROUND(L7,"0:15") -> 0 | Q7: =VALUE(MID(TEXT(L7,"hh:mm:ss"),4,2)+Q6)-IF(ABS((MID(TEXT(L7,"hh:mm:ss"),4,2)+Q6)-FLOOR((MID(TEXT(L7,"hh:mm:ss"),4,2)+Q6),15))>ABS((MID(TEXT(L7,"hh:mm:ss"),4,2)+Q6)-CEILING((MID(TEXT(L7,"hh:mm:ss"),4,2)+Q6),15)),CEILING((MID(TEXT(L7,"hh:mm:ss"),4,2)+Q6),15),FLOOR((MID(TEXT(L7,"hh:mm:ss"),4,2)+Q6),15)) -> 1 | T7: =T5-L7 -> 6.3333333 | V7: 0 | Y7: =IF(M7="O",P7 - AA7,"0:00:00") -> 0:00:00 | Z7: =IF(M7="C",P7,"0:00:00") -> 0:00:00 | AA7: =IF(P7="M",Q7-P7,"0:00:00") -> 0:00:00 | AB7: =SUM(Y7:Z7) -> 0 | AC7: 0
A8: 46329 | B8: 0.30069444 | C8: 0.54861111 | D8: 0.56180556 | I8: 0.67708333 | J8: 0 | K8: =IF((D8-C8)<=$F$2,0,(D8-C8)-$F$2) -> 0 | L8: =(I8-B8)-K8-(H8-G8)-J8 -> 0.37638889 | M8: C | P8: =MROUND(L8,"0:15") -> 0.375 | Q8: =VALUE(MID(TEXT(L8,"hh:mm:ss"),4,2)+Q7)-IF(ABS((MID(TEXT(L8,"hh:mm:ss"),4,2)+Q7)-FLOOR((MID(TEXT(L8,"hh:mm:ss"),4,2)+Q7),15))>ABS((MID(TEXT(L8,"hh:mm:ss"),4,2)+Q7)-CEILING((MID(TEXT(L8,"hh:mm:ss"),4,2)+Q7),15)),CEILING((MID(TEXT(L8,"hh:mm:ss"),4,2)+Q7),15),FLOOR((MID(TEXT(L8,"hh:mm:ss"),4,2)+Q7),15)) -> 3 | T8: =T7-L8 -> 5.9569444 | V8: 0 | Y8: =IF(M8="O",P8 - AA8,"0:00:00") -> 0:00:00 | Z8: =IF(M8="C",P8,"0:00:00") -> 0.375 | AA8: 0 | AB8: =SUM(Y8:Z8) -> 0.375 | AC8: 0
A9: 46330 | B9: 0.30555556 | C9: 0.52916667 | D9: 0.54305556 | I9: 0.62291667 | J9: 0 | K9: =IF((D9-C9)<=$F$2,0,(D9-C9)-$F$2) -> 0 | L9: =(I9-B9)-K9-(H9-G9)-J9 -> 0.31736111 | M9: O | P9: =MROUND(L9,"0:15") -> 0.3125 | Q9: =VALUE(MID(TEXT(L9,"hh:mm:ss"),4,2)+Q8)-IF(ABS((MID(TEXT(L9,"hh:mm:ss"),4,2)+Q8)-FLOOR((MID(TEXT(L9,"hh:mm:ss"),4,2)+Q8),15))>ABS((MID(TEXT(L9,"hh:mm:ss"),4,2)+Q8)-CEILING((MID(TEXT(L9,"hh:mm:ss"),4,2)+Q8),15)),CEILING((MID(TEXT(L9,"hh:mm:ss"),4,2)+Q8),15),FLOOR((MID(TEXT(L9,"hh:mm:ss"),4,2)+Q8),15)) -> -5 | T9: =T8-L9 -> 5.6395833 | V9: 0 | Y9: =IF(M9="O",P9 - AA9,"0:00:00") -> 0.3125 | Z9: =IF(M9="C",P9,"0:00:00") -> 0:00:00 | AA9: =IF(P9="M",Q9-P9,"0:00:00") -> 0:00:00 | AB9: =SUM(Y9:Z9) -> 0.3125 | AC9: 0 | AD9: =V9=AC9 -> TRUE
A10: 46331 | B10: 0.3125 | I10: 0.625 | J10: 0 | K10: =IF((D10-C10)<=$F$2,0,(D10-C10)-$F$2) -> 0 | L10: =(I10-B10)-K10-(H10-G10)-J10 -> 0.3125 | M10: O | P10: =MROUND(L10,"0:15") -> 0.3125 | Q10: =VALUE(MID(TEXT(L10,"hh:mm:ss"),4,2)+Q9)-IF(ABS((MID(TEXT(L10,"hh:mm:ss"),4,2)+Q9)-FLOOR((MID(TEXT(L10,"hh:mm:ss"),4,2)+Q9),15))>ABS((MID(TEXT(L10,"hh:mm:ss"),4,2)+Q9)-CEILING((MID(TEXT(L10,"hh:mm:ss"),4,2)+Q9),15)),CEILING((MID(TEXT(L10,"hh:mm:ss"),4,2)+Q9),15),FLOOR((MID(TEXT(L10,"hh:mm:ss"),4,2)+Q9),15)) -> -5 | T10: =T9-L10 -> 5.3270833 | V10: 0.45833333 | Y10: =IF(M10="O",P10 - AA10,"0:00:00") -> 0.3125 | Z10: =IF(M10="C",P10,"0:00:00") -> 0:00:00 | AA10: =IF(P10="M",Q10-P10,"0:00:00") -> 0:00:00 | AB10: =SUM(Y10:Z10) -> 0.3125 | AC10: 0.45833333 | AD10: =V10=AC10 -> TRUE
A11: 46332 | B11: 0.31041667 | C11: 0.54305556 | D11: 0.55138889 | I11: 0.63888889 | J11: 0 | K11: =IF((D11-C11)<=$F$2,0,(D11-C11)-$F$2) -> 0 | L11: =(I11-B11)-K11-(H11-G11)-J11 -> 0.32847222 | M11: C | P11: =MROUND(L11,"0:15") -> 0.33333333 | Q11: =VALUE(MID(TEXT(L11,"hh:mm:ss"),4,2)+Q10)-IF(ABS((MID(TEXT(L11,"hh:mm:ss"),4,2)+Q10)-FLOOR((MID(TEXT(L11,"hh:mm:ss"),4,2)+Q10),15))>ABS((MID(TEXT(L11,"hh:mm:ss"),4,2)+Q10)-CEILING((MID(TEXT(L11,"hh:mm:ss"),4,2)+Q10),15)),CEILING((MID(TEXT(L11,"hh:mm:ss"),4,2)+Q10),15),FLOOR((MID(TEXT(L11,"hh:mm:ss"),4,2)+Q10),15)) -> 3 | T11: =T10-L11 -> 4.9986111 | V11: 0.29166667 | W11: 45261 | Y11: =IF(M11="O",P11 - AA11,"0:00:00") -> 0:00:00 | Z11: =IF(M11="C",P11,"0:00:00") -> 0.33333333 | AA11: =IF(P11="M",Q11-P11,"0:00:00") -> 0:00:00 | AB11: =SUM(Y11:Z11) -> 0.33333333 | AC11: 0.29166667 | AD11: =V11=AC11 -> TRUE
A12: Semana 1 | L12: =SUM(L7:L11) -> 1.3347222 | P12: =SUM(P7:P11) -> 1.3333333 | W12: Semana 1
Q13: =Q11 -> 3
A14: 46335 | J14: 0 | K14: =IF((D14-C14)<=$F$2,0,(D14-C14)-$F$2) -> 0 | L14: =(I14-B14)-K14-(H14-G14)-J14 -> 0 | P14: =MROUND(L14,"0:15") -> 0 | Q14: =VALUE(MID(TEXT(L14,"hh:mm:ss"),4,2)+Q13)-IF(ABS((MID(TEXT(L14,"hh:mm:ss"),4,2)+Q13)-FLOOR((MID(TEXT(L14,"hh:mm:ss"),4,2)+Q13),15))>ABS((MID(TEXT(L14,"hh:mm:ss"),4,2)+Q13)-CEILING((MID(TEXT(L14,"hh:mm:ss"),4,2)+Q13),15)),CEILING((MID(TEXT(L14,"hh:mm:ss"),4,2)+Q13),15),FLOOR((MID(TEXT(L14,"hh:mm:ss"),4,2)+Q13),15)) -> 3 | T14: =T11-L14 -> 4.9986111 | V14: 0.30208333 | W14: 45264 | Y14: =IF(M14="O",P14 - AA14,"0:00:00") -> 0:00:00 | Z14: =IF(M14="C",P14,"0:00:00") -> 0:00:00 | AA14: =IF(P14="M",Q14-P14,"0:00:00") -> 0:00:00 | AB14: =SUM(Y14:Z14) -> 0 | AC14: 0.30208333 | AD14: =V14=AC14 -> TRUE
A15: 46336 | B15: 0.30069444 | C15: 0.54166667 | D15: 0.55416667 | I15: 0.67638889 | J15: 0 | K15: =IF((D15-C15)<=$F$2,0,(D15-C15)-$F$2) -> 0 | L15: =(I15-B15)-K15-(H15-G15)-J15 -> 0.37569444 | M15: C | P15: =MROUND(L15,"0:15") -> 0.375 | Q15: =VALUE(MID(TEXT(L15,"hh:mm:ss"),4,2)+Q14)-IF(ABS((MID(TEXT(L15,"hh:mm:ss"),4,2)+Q14)-FLOOR((MID(TEXT(L15,"hh:mm:ss"),4,2)+Q14),15))>ABS((MID(TEXT(L15,"hh:mm:ss"),4,2)+Q14)-CEILING((MID(TEXT(L15,"hh:mm:ss"),4,2)+Q14),15)),CEILING((MID(TEXT(L15,"hh:mm:ss"),4,2)+Q14),15),FLOOR((MID(TEXT(L15,"hh:mm:ss"),4,2)+Q14),15)) -> 4 | T15: =T14-L15 -> 4.6229167 | V15: 0.25 | W15: 45265 | Y15: =IF(M15="O",P15 - AA15,"0:00:00") -> 0:00:00 | Z15: =IF(M15="C",P15,"0:00:00") -> 0.375 | AA15: =IF(P15="M",Q15-P15,"0:00:00") -> 0:00:00 | AB15: =SUM(Y15:Z15) -> 0.375 | AC15: 0.25 | AD15: =V15=AC15 -> TRUE
A16: 46337 | B16: 0.30972222 | C16: 0.49583333 | D16: 0.50902778 | I16: 0.62361111 | J16: 0 | K16: =IF((D16-C16)<=$F$2,0,(D16-C16)-$F$2) -> 0 | L16: =(I16-B16)-K16-(H16-G16)-J16 -> 0.31388889 | M16: O | P16: =MROUND(L16,"0:15") -> 0.3125 | Q16: =VALUE(MID(TEXT(L16,"hh:mm:ss"),4,2)+Q15)-IF(ABS((MID(TEXT(L16,"hh:mm:ss"),4,2)+Q15)-FLOOR((MID(TEXT(L16,"hh:mm:ss"),4,2)+Q15),15))>ABS((MID(TEXT(L16,"hh:mm:ss"),4,2)+Q15)-CEILING((MID(TEXT(L16,"hh:mm:ss"),4,2)+Q15),15)),CEILING((MID(TEXT(L16,"hh:mm:ss"),4,2)+Q15),15),FLOOR((MID(TEXT(L16,"hh:mm:ss"),4,2)+Q15),15)) -> 6 | T16: =T15-P16 -> 4.3104167 | V16: 0.23958333 | W16: 45266 | Y16: =IF(M16="O",P16 - AA16,"0:00:00") -> 0.3125 | Z16: =IF(M16="C",P16,"0:00:00") -> 0:00:00 | AA16: =IF(P16="M",Q16-P16,"0:00:00") -> 0:00:00 | AB16: =SUM(Y16:Z16) -> 0.3125 | AC16: 0.23958333 | AD16: =V16=AC16 -> TRUE
A17: 46338 | B17: 0.30902778 | C17: 0.49027778 | D17: 0.50416667 | I17: 0.63819444 | J17: 0 | K17: =IF((D17-C17)<=$F$2,0,(D17-C17)-$F$2) -> 0 | L17: =(I17-B17)-K17-(H17-G17)-J17 -> 0.32916667 | M17: O | P17: =MROUND(L17,"0:15") -> 0.33333333 | Q17: =VALUE(MID(TEXT(L17,"hh:mm:ss"),4,2)+Q16)-IF(ABS((MID(TEXT(L17,"hh:mm:ss"),4,2)+Q16)-FLOOR((MID(TEXT(L17,"hh:mm:ss"),4,2)+Q16),15))>ABS((MID(TEXT(L17,"hh:mm:ss"),4,2)+Q16)-CEILING((MID(TEXT(L17,"hh:mm:ss"),4,2)+Q16),15)),CEILING((MID(TEXT(L17,"hh:mm:ss"),4,2)+Q16),15),FLOOR((MID(TEXT(L17,"hh:mm:ss"),4,2)+Q16),15)) -> 0 | T17: =T16-P17 -> 3.9770833 | V17: 0 | W17: 45267 | Y17: =IF(M17="O",P17 - AA17,"0:00:00") -> 0.33333333 | Z17: =IF(M17="C",P17,"0:00:00") -> 0:00:00 | AA17: =IF(P17="M",Q17-P17,"0:00:00") -> 0:00:00 | AB17: =SUM(Y17:Z17) -> 0.33333333 | AC17: 0 | AD17: =V17=AC17 -> TRUE
A18: 46339 | B18: 0.30069444 | I18: 0.61527778 | J18: 0 | K18: =IF((D18-C18)<=$F$2,0,(D18-C18)-$F$2) -> 0 | L18: =(I18-B18)-K18-(H18-G18)-J18 -> 0.31458333 | M18: C | P18: =MROUND(L18,"0:15") -> 0.3125 | Q18: =VALUE(MID(TEXT(L18,"hh:mm:ss"),4,2)+Q17)-IF(ABS((MID(TEXT(L18,"hh:mm:ss"),4,2)+Q17)-FLOOR((MID(TEXT(L18,"hh:mm:ss"),4,2)+Q17),15))>ABS((MID(TEXT(L18,"hh:mm:ss"),4,2)+Q17)-CEILING((MID(TEXT(L18,"hh:mm:ss"),4,2)+Q17),15)),CEILING((MID(TEXT(L18,"hh:mm:ss"),4,2)+Q17),15),FLOOR((MID(TEXT(L18,"hh:mm:ss"),4,2)+Q17),15)) -> 3 | T18: =T17-L18 -> 3.6625 | V18: 0 | W18: 45268 | Y18: =IF(M18="O",P18 - AA18,"0:00:00") -> 0:00:00 | Z18: =IF(M18="C",P18,"0:00:00") -> 0.3125 | AA18: =IF(P18="M",Q18-P18,"0:00:00") -> 0:00:00 | AB18: =SUM(Y18:Z18) -> 0.3125 | AC18: 0 | AD18: =V18=AC18 -> TRUE
A19: Semana 2 | L19: =SUM(L14:L18) -> 1.3333333 | P19: =SUM(P14:P18) -> 1.3333333 | W19: Semana 2
Q20: =Q18 -> 3
A21: 46342 | B21: 0.3 | C21: 0.47430556 | D21: 0.48194444 | I21: 0.62222222 | J21: 0 | K21: =IF((D21-C21)<=$F$2,0,(D21-C21)-$F$2) -> 0 | L21: =(I21-B21)-K21-(H21-G21)-J21 -> 0.32222222 | M21: O | P21: =MROUND(L21,"0:15") -> 0.32291667 | Q21: =VALUE(MID(TEXT(L21,"hh:mm:ss"),4,2)+Q20)-IF(ABS((MID(TEXT(L21,"hh:mm:ss"),4,2)+Q20)-FLOOR((MID(TEXT(L21,"hh:mm:ss"),4,2)+Q20),15))>ABS((MID(TEXT(L21,"hh:mm:ss"),4,2)+Q20)-CEILING((MID(TEXT(L21,"hh:mm:ss"),4,2)+Q20),15)),CEILING((MID(TEXT(L21,"hh:mm:ss"),4,2)+Q20),15),FLOOR((MID(TEXT(L21,"hh:mm:ss"),4,2)+Q20),15)) -> 2 | T21: =T18-L21 -> 3.3402778 | V21: 0.36458333 | W21: 45271 | Y21: =IF(M21="O",P21 - AA21,"0:00:00") -> 0.32291667 | Z21: =IF(M21="C",P21,"0:00:00") -> 0:00:00 | AA21: =IF(P21="M",Q21-P21,"0:00:00") -> 0:00:00 | AB21: =SUM(Y21:Z21) -> 0.32291667 | AC21: 0.36458333 | AD21: =V21=AC21 -> TRUE
A22: 46343 | B22: 0.31041667 | C22: 0.51527778 | D22: 0.52916667 | E22: 0.63541667 | F22: 0.65625 | I22: 0.72708333 | J22: =IF((F22-E22)<$F$1,$F$1,F22-E22) -> 0.020833333 | K22: =IF((D22-C22)<=$F$2,0,(D22-C22)-$F$2) -> 0 | L22: =(I22-B22)-K22-(H22-G22)-J22 -> 0.39583333 | M22: C | P22: =MROUND(L22,"0:15") -> 0.39583333 | Q22: =VALUE(MID(TEXT(L22,"hh:mm:ss"),4,2)+Q21)-IF(ABS((MID(TEXT(L22,"hh:mm:ss"),4,2)+Q21)-FLOOR((MID(TEXT(L22,"hh:mm:ss"),4,2)+Q21),15))>ABS((MID(TEXT(L22,"hh:mm:ss"),4,2)+Q21)-CEILING((MID(TEXT(L22,"hh:mm:ss"),4,2)+Q21),15)),CEILING((MID(TEXT(L22,"hh:mm:ss"),4,2)+Q21),15),FLOOR((MID(TEXT(L22,"hh:mm:ss"),4,2)+Q21),15)) -> 2 | T22: =T21-L22 -> 2.9444444 | V22: 0.36458333 | W22: 45272 | Y22: =IF(M22="O",P22 - AA22,"0:00:00") -> 0:00:00 | Z22: =IF(M22="C",P22,"0:00:00") -> 0.39583333 | AA22: =IF(P22="M",Q22-P22,"0:00:00") -> 0:00:00 | AB22: =SUM(Y22:Z22) -> 0.39583333 | AC22: 0.36458333 | AD22: =V22=AC22 -> TRUE
A23: 46344 | B23: 0.30416667 | C23: 0.51527778 | D23: 0.52916667 | I23: 0.63680556 | J23: 0 | K23: =IF((D23-C23)<=$F$2,0,(D23-C23)-$F$2) -> 0 | L23: =(I23-B23)-K23-(H23-G23)-J23 -> 0.33263889 | M23: O | P23: =MROUND(L23,"0:15") -> 0.33333333 | Q23: =VALUE(MID(TEXT(L23,"hh:mm:ss"),4,2)+Q22)-IF(ABS((MID(TEXT(L23,"hh:mm:ss"),4,2)+Q22)-FLOOR((MID(TEXT(L23,"hh:mm:ss"),4,2)+Q22),15))>ABS((MID(TEXT(L23,"hh:mm:ss"),4,2)+Q22)-CEILING((MID(TEXT(L23,"hh:mm:ss"),4,2)+Q22),15)),CEILING((MID(TEXT(L23,"hh:mm:ss"),4,2)+Q22),15),FLOOR((MID(TEXT(L23,"hh:mm:ss"),4,2)+Q22),15)) -> 1 | T23: =T22-L23 -> 2.6118056 | V23: 0.45833333 | W23: 45273 | Y23: =IF(M23="O",P23 - AA23,"0:00:00") -> 0.33333333 | Z23: =IF(M23="C",P23,"0:00:00") -> 0:00:00 | AA23: =IF(P23="M",Q23-P23,"0:00:00") -> 0:00:00 | AB23: =SUM(Y23:Z23) -> 0.33333333 | AC23: 0.45833333 | AD23: =V23=AC23 -> TRUE
A24: 46345 | B24: 0.3 | C24: 0.54097222 | D24: 0.55486111 | I24: 0.61527778 | J24: 0 | K24: =IF((D24-C24)<=$F$2,0,(D24-C24)-$F$2) -> 6.2450045e-17 | L24: =(I24-B24)-K24-(H24-G24)-J24 -> 0.31527778 | M24: C | P24: =MROUND(L24,"0:15") -> 0.3125 | Q24: =VALUE(MID(TEXT(L24,"hh:mm:ss"),4,2)+Q23)-IF(ABS((MID(TEXT(L24,"hh:mm:ss"),4,2)+Q23)-FLOOR((MID(TEXT(L24,"hh:mm:ss"),4,2)+Q23),15))>ABS((MID(TEXT(L24,"hh:mm:ss"),4,2)+Q23)-CEILING((MID(TEXT(L24,"hh:mm:ss"),4,2)+Q23),15)),CEILING((MID(TEXT(L24,"hh:mm:ss"),4,2)+Q23),15),FLOOR((MID(TEXT(L24,"hh:mm:ss"),4,2)+Q23),15)) -> 5 | T24: =T23-L24 -> 2.2965278 | V24: 0.32291667 | W24: 45274 | Y24: =IF(M24="O",P24 - AA24,"0:00:00") -> 0:00:00 | Z24: =IF(M24="C",P24,"0:00:00") -> 0.3125 | AA24: =IF(P24="M",Q24-P24,"0:00:00") -> 0:00:00 | AB24: =SUM(Y24:Z24) -> 0.3125 | AC24: 0.32291667 | AD24: =V24=AC24 -> TRUE
A25: 46346 | B25: 0.31041667 | I25: 0.64375 | J25: 0 | K25: =IF((D25-C25)<=$F$2,0,(D25-C25)-$F$2) -> 0 | L25: =(I25-B25)-K25-(H25-G25)-J25 -> 0.33333333 | M25: C | P25: =MROUND(L25,"0:15") -> 0.33333333 | Q25: =VALUE(MID(TEXT(L25,"hh:mm:ss"),4,2)+Q24)-IF(ABS((MID(TEXT(L25,"hh:mm:ss"),4,2)+Q24)-FLOOR((MID(TEXT(L25,"hh:mm:ss"),4,2)+Q24),15))>ABS((MID(TEXT(L25,"hh:mm:ss"),4,2)+Q24)-CEILING((MID(TEXT(L25,"hh:mm:ss"),4,2)+Q24),15)),CEILING((MID(TEXT(L25,"hh:mm:ss"),4,2)+Q24),15),FLOOR((MID(TEXT(L25,"hh:mm:ss"),4,2)+Q24),15)) -> 5 | T25: =T24-L25 -> 1.9631944 | V25: 0.36458333 | W25: 45275 | Y25: =IF(M25="O",P25 - AA25,"0:00:00") -> 0:00:00 | Z25: =IF(M25="C",P25,"0:00:00") -> 0.33333333 | AA25: =IF(P25="M",Q25-P25,"0:00:00") -> 0:00:00 | AB25: =SUM(Y25:Z25) -> 0.33333333 | AC25: 0.36458333 | AD25: =V25=AC25 -> TRUE
A26: Semana 3 | L26: =SUM(L21:L25) -> 1.6993056 | P26: =SUM(P21:P25) -> 1.6979167 | W26: Semana 3
Q27: =Q25 -> 5
A28: 46349 | B28: 0.30833333 | C28: 0.52291667 | D28: 0.53680556 | I28: 0.62569444 | J28: 0 | K28: =IF((D28-C28)<=$F$2,0,(D28-C28)-$F$2) -> 0 | L28: =(I28-B28)-K28-(H28-G28)-J28 -> 0.31736111 | M28: O | P28: =MROUND(L28,"0:15") -> 0.3125 | Q28: =VALUE(MID(TEXT(L28,"hh:mm:ss"),4,2)+Q27)-IF(ABS((MID(TEXT(L28,"hh:mm:ss"),4,2)+Q27)-FLOOR((MID(TEXT(L28,"hh:mm:ss"),4,2)+Q27),15))>ABS((MID(TEXT(L28,"hh:mm:ss"),4,2)+Q27)-CEILING((MID(TEXT(L28,"hh:mm:ss"),4,2)+Q27),15)),CEILING((MID(TEXT(L28,"hh:mm:ss"),4,2)+Q27),15),FLOOR((MID(TEXT(L28,"hh:mm:ss"),4,2)+Q27),15)) -> -3 | T28: =T25-L28 -> 1.6458333 | V28: 0.30208333 | W28: 45278 | Y28: =IF(M28="O",P28 - AA28,"0:00:00") -> 0.3125 | Z28: =IF(M28="C",P28,"0:00:00") -> 0:00:00 | AA28: =IF(P28="M",Q28-P28,"0:00:00") -> 0:00:00 | AB28: =SUM(Y28:Z28) -> 0.3125 | AC28: 0.30208333 | AD28: =V28=AC28 -> TRUE
A29: 46350 | B29: 0.32291667 | C29: 0.54166667 | D29: 0.55416667 | E29: 0.65069444 | F29: 0.66875 | I29: 0.73888889 | J29: =IF((F29-E29)<$F$1,$F$1,F29-E29) -> 0.020833333 | K29: =IF((D29-C29)<=$F$2,0,(D29-C29)-$F$2) -> 0 | L29: =(I29-B29)-K29-(H29-G29)-J29 -> 0.39513889 | M29: C | P29: =MROUND(L29,"0:15") -> 0.39583333 | Q29: =VALUE(MID(TEXT(L29,"hh:mm:ss"),4,2)+Q28)-IF(ABS((MID(TEXT(L29,"hh:mm:ss"),4,2)+Q28)-FLOOR((MID(TEXT(L29,"hh:mm:ss"),4,2)+Q28),15))>ABS((MID(TEXT(L29,"hh:mm:ss"),4,2)+Q28)-CEILING((MID(TEXT(L29,"hh:mm:ss"),4,2)+Q28),15)),CEILING((MID(TEXT(L29,"hh:mm:ss"),4,2)+Q28),15),FLOOR((MID(TEXT(L29,"hh:mm:ss"),4,2)+Q28),15)) -> -4 | T29: =T28-L29 -> 1.2506944 | V29: 0 | W29: 45279 | Y29: =IF(M29="O",P29 - AA29,"0:00:00") -> 0:00:00 | Z29: =IF(M29="C",P29,"0:00:00") -> 0.39583333 | AA29: =IF(P29="M",Q29-P29,"0:00:00") -> 0:00:00 | AB29: =SUM(Y29:Z29) -> 0.39583333 | AC29: 0.21875 | AD29: =V29=AC29 -> FALSE
A30: 46351 | B30: 0.30972222 | C30: 0.49583333 | D30: 0.50902778 | I30: 0.62361111 | J30: 0 | K30: =IF((D30-C30)<=$F$2,0,(D30-C30)-$F$2) -> 0 | L30: =(I30-B30)-K30-(H30-G30)-J30 -> 0.31388889 | M30: O | P30: =MROUND(L30,"0:15") -> 0.3125 | Q30: =VALUE(MID(TEXT(L30,"hh:mm:ss"),4,2)+Q29)-IF(ABS((MID(TEXT(L30,"hh:mm:ss"),4,2)+Q29)-FLOOR((MID(TEXT(L30,"hh:mm:ss"),4,2)+Q29),15))>ABS((MID(TEXT(L30,"hh:mm:ss"),4,2)+Q29)-CEILING((MID(TEXT(L30,"hh:mm:ss"),4,2)+Q29),15)),CEILING((MID(TEXT(L30,"hh:mm:ss"),4,2)+Q29),15),FLOOR((MID(TEXT(L30,"hh:mm:ss"),4,2)+Q29),15)) -> -2 | T30: =T29-L30 -> 0.93680556 | V30: 0.35416667 | W30: 45280 | Y30: =IF(M30="O",P30 - AA30,"0:00:00") -> 0.3125 | Z30: =IF(M30="C",P30,"0:00:00") -> 0:00:00 | AA30: =IF(P30="M",Q30-P30,"0:00:00") -> 0:00:00 | AB30: =SUM(Y30:Z30) -> 0.3125 | AC30: 0.30208333 | AD30: =V30=AC30 -> FALSE
A31: 46352 | B31: 0.30902778 | C31: 0.49027778 | D31: 0.50416667 | I31: 0.63819444 | J31: 0 | K31: =IF((D31-C31)<=$F$2,0,(D31-C31)-$F$2) -> 0 | L31: =(I31-B31)-K31-(H31-G31)-J31 -> 0.32916667 | M31: O | P31: =MROUND(L31,"0:15") -> 0.33333333 | Q31: =VALUE(MID(TEXT(L31,"hh:mm:ss"),4,2)+Q30)-IF(ABS((MID(TEXT(L31,"hh:mm:ss"),4,2)+Q30)-FLOOR((MID(TEXT(L31,"hh:mm:ss"),4,2)+Q30),15))>ABS((MID(TEXT(L31,"hh:mm:ss"),4,2)+Q30)-CEILING((MID(TEXT(L31,"hh:mm:ss"),4,2)+Q30),15)),CEILING((MID(TEXT(L31,"hh:mm:ss"),4,2)+Q30),15),FLOOR((MID(TEXT(L31,"hh:mm:ss"),4,2)+Q30),15)) -> 7 | T31: =T30-L31 -> 0.60763889 | V31: 0.41666667 | W31: 45281 | Y31: =IF(M31="O",P31 - AA31,"0:00:00") -> 0.33333333 | Z31: =IF(M31="C",P31,"0:00:00") -> 0:00:00 | AA31: =IF(P31="M",Q31-P31,"0:00:00") -> 0:00:00 | AB31: =SUM(Y31:Z31) -> 0.33333333 | AC31: 0.30208333 | AD31: =V31=AC31 -> FALSE
A32: 46353 | B32: 0.30069444 | I32: 0.61944444 | J32: 0 | K32: =IF((D32-C32)<=$F$2,0,(D32-C32)-$F$2) -> 0 | L32: =(I32-B32)-K32-(H32-G32)-J32 -> 0.31875 | M32: C | P32: =MROUND(L32,"0:15") -> 0.32291667 | Q32: =VALUE(MID(TEXT(L32,"hh:mm:ss"),4,2)+Q31)-IF(ABS((MID(TEXT(L32,"hh:mm:ss"),4,2)+Q31)-FLOOR((MID(TEXT(L32,"hh:mm:ss"),4,2)+Q31),15))>ABS((MID(TEXT(L32,"hh:mm:ss"),4,2)+Q31)-CEILING((MID(TEXT(L32,"hh:mm:ss"),4,2)+Q31),15)),CEILING((MID(TEXT(L32,"hh:mm:ss"),4,2)+Q31),15),FLOOR((MID(TEXT(L32,"hh:mm:ss"),4,2)+Q31),15)) -> 1 | T32: =T31-L32 -> 0.28888889 | V32: 0.35416667 | W32: 45282 | Y32: =IF(M32="O",P32 - AA32,"0:00:00") -> 0:00:00 | Z32: =IF(M32="C",P32,"0:00:00") -> 0.32291667 | AA32: =IF(P32="M",Q32-P32,"0:00:00") -> 0:00:00 | AB32: =SUM(Y32:Z32) -> 0.32291667 | AC32: 0.30208333 | AD32: =V32=AC32 -> FALSE
A33: Semana 4 | L33: =SUM(L28:L32) -> 1.6743056 | P33: =SUM(P28:P32) -> 1.6770833 | W33: Semana 4
Q34: =Q32 -> 1
A35: 46356 | B35: 0.30833333 | C35: 0.52291667 | D35: 0.53680556 | I35: 0.62083333 | J35: 0 | K35: 0 | L35: =(I35-B35)-K35-(H35-G35)-J35 -> 0.3125 | M35: O | P35: =MROUND(L35,"0:15") -> 0.3125 | Q35: =VALUE(MID(TEXT(L35,"hh:mm:ss"),4,2)+Q34)-IF(ABS((MID(TEXT(L35,"hh:mm:ss"),4,2)+Q34)-FLOOR((MID(TEXT(L35,"hh:mm:ss"),4,2)+Q34),15))>ABS((MID(TEXT(L35,"hh:mm:ss"),4,2)+Q34)-CEILING((MID(TEXT(L35,"hh:mm:ss"),4,2)+Q34),15)),CEILING((MID(TEXT(L35,"hh:mm:ss"),4,2)+Q34),15),FLOOR((MID(TEXT(L35,"hh:mm:ss"),4,2)+Q34),15)) -> 1 | T35: =T32-L35 -> -0.023611111 | V35: 0.33333333 | W35: 45285 | Y35: =IF(M35="O",P35 - AA35,"0:00:00") -> 0.3125 | Z35: =IF(M35="C",P35,"0:00:00") -> 0:00:00 | AA35: =IF(P35="M",Q35-P35,"0:00:00") -> 0:00:00 | AB35: =SUM(Y35:Z35) -> 0.3125 | AC35: 0.33333333 | AD35: =V35=AC35 -> TRUE
P36: =TIME(MID(TEXT(L36,"hh:mm:ss"),1,2), IF(ABS((MID(TEXT(L36,"hh:mm:ss"),4,2)+Q35)-FLOOR((MID(TEXT(L36,"hh:mm:ss"),4,2)+Q35),15))>=ABS((MID(TEXT(L36,"hh:mm:ss"),4,2)+Q35)-CEILING((MID(TEXT(L36,"hh:mm:ss"),4,2)+Q35),15)),CEILING((MID(TEXT(L36,"hh:mm:ss"),4,2)+Q35),15),FLOOR((MID(TEXT(L36,"hh:mm:ss"),4,2)+Q35),15)), MID(TEXT(L36,"hh:mm:ss"),7,2)) -> 0 | Q36: =VALUE(MID(TEXT(L36,"hh:mm:ss"),4,2)+Q35)-IF(ABS((MID(TEXT(L36,"hh:mm:ss"),4,2)+Q35)-FLOOR((MID(TEXT(L36,"hh:mm:ss"),4,2)+Q35),15))>ABS((MID(TEXT(L36,"hh:mm:ss"),4,2)+Q35)-CEILING((MID(TEXT(L36,"hh:mm:ss"),4,2)+Q35),15)),CEILING((MID(TEXT(L36,"hh:mm:ss"),4,2)+Q35),15),FLOOR((MID(TEXT(L36,"hh:mm:ss"),4,2)+Q35),15)) -> 1 | T36: =T35-L36 -> -0.023611111 | V36: 0.45833333 | W36: 45286 | Y36: =IF(M36="O",P36 - AA36,"0:00:00") -> 0:00:00 | Z36: =IF(M36="C",P36,"0:00:00") -> 0:00:00 | AA36: =IF(P36="M",Q36-P36,"0:00:00") -> 0:00:00 | AB36: =SUM(Y36:Z36) -> 0 | AC36: 0.45833333 | AD36: =V36=AC36 -> TRUE
P37: =TIME(MID(TEXT(L37,"hh:mm:ss"),1,2), IF(ABS((MID(TEXT(L37,"hh:mm:ss"),4,2)+Q36)-FLOOR((MID(TEXT(L37,"hh:mm:ss"),4,2)+Q36),15))>=ABS((MID(TEXT(L37,"hh:mm:ss"),4,2)+Q36)-CEILING((MID(TEXT(L37,"hh:mm:ss"),4,2)+Q36),15)),CEILING((MID(TEXT(L37,"hh:mm:ss"),4,2)+Q36),15),FLOOR((MID(TEXT(L37,"hh:mm:ss"),4,2)+Q36),15)), MID(TEXT(L37,"hh:mm:ss"),7,2)) -> 0 | Q37: =VALUE(MID(TEXT(L37,"hh:mm:ss"),4,2)+Q36)-IF(ABS((MID(TEXT(L37,"hh:mm:ss"),4,2)+Q36)-FLOOR((MID(TEXT(L37,"hh:mm:ss"),4,2)+Q36),15))>ABS((MID(TEXT(L37,"hh:mm:ss"),4,2)+Q36)-CEILING((MID(TEXT(L37,"hh:mm:ss"),4,2)+Q36),15)),CEILING((MID(TEXT(L37,"hh:mm:ss"),4,2)+Q36),15),FLOOR((MID(TEXT(L37,"hh:mm:ss"),4,2)+Q36),15)) -> 1 | T37: =T36-L37 -> -0.023611111 | V37: 0.33333333 | W37: 45287 | Y37: =IF(M37="O",P37 - AA37,"0:00:00") -> 0:00:00 | Z37: =IF(M37="C",P37,"0:00:00") -> 0:00:00 | AA37: =IF(P37="M",Q37-P37,"0:00:00") -> 0:00:00 | AB37: =SUM(Y37:Z37) -> 0 | AC37: 0.33333333 | AD37: =V37=AC37 -> TRUE
P38: =TIME(MID(TEXT(L38,"hh:mm:ss"),1,2), IF(ABS((MID(TEXT(L38,"hh:mm:ss"),4,2)+Q37)-FLOOR((MID(TEXT(L38,"hh:mm:ss"),4,2)+Q37),15))>=ABS((MID(TEXT(L38,"hh:mm:ss"),4,2)+Q37)-CEILING((MID(TEXT(L38,"hh:mm:ss"),4,2)+Q37),15)),CEILING((MID(TEXT(L38,"hh:mm:ss"),4,2)+Q37),15),FLOOR((MID(TEXT(L38,"hh:mm:ss"),4,2)+Q37),15)), MID(TEXT(L38,"hh:mm:ss"),7,2)) -> 0 | Q38: =VALUE(MID(TEXT(L38,"hh:mm:ss"),4,2)+Q37)-IF(ABS((MID(TEXT(L38,"hh:mm:ss"),4,2)+Q37)-FLOOR((MID(TEXT(L38,"hh:mm:ss"),4,2)+Q37),15))>ABS((MID(TEXT(L38,"hh:mm:ss"),4,2)+Q37)-CEILING((MID(TEXT(L38,"hh:mm:ss"),4,2)+Q37),15)),CEILING((MID(TEXT(L38,"hh:mm:ss"),4,2)+Q37),15),FLOOR((MID(TEXT(L38,"hh:mm:ss"),4,2)+Q37),15)) -> 1 | T38: =T37-L38 -> -0.023611111 | V38: 0.45833333 | W38: 45288 | Y38: =IF(M38="O",P38 - AA38,"0:00:00") -> 0:00:00 | Z38: =IF(M38="C",P38,"0:00:00") -> 0:00:00 | AA38: =IF(P38="M",Q38-P38,"0:00:00") -> 0:00:00 | AB38: =SUM(Y38:Z38) -> 0 | AC38: 0.45833333 | AD38: =V38=AC38 -> TRUE
P39: =TIME(MID(TEXT(L39,"hh:mm:ss"),1,2), IF(ABS((MID(TEXT(L39,"hh:mm:ss"),4,2)+Q38)-FLOOR((MID(TEXT(L39,"hh:mm:ss"),4,2)+Q38),15))>=ABS((MID(TEXT(L39,"hh:mm:ss"),4,2)+Q38)-CEILING((MID(TEXT(L39,"hh:mm:ss"),4,2)+Q38),15)),CEILING((MID(TEXT(L39,"hh:mm:ss"),4,2)+Q38),15),FLOOR((MID(TEXT(L39,"hh:mm:ss"),4,2)+Q38),15)), MID(TEXT(L39,"hh:mm:ss"),7,2)) -> 0 | Q39: =VALUE(MID(TEXT(L39,"hh:mm:ss"),4,2)+Q38)-IF(ABS((MID(TEXT(L39,"hh:mm:ss"),4,2)+Q38)-FLOOR((MID(TEXT(L39,"hh:mm:ss"),4,2)+Q38),15))>ABS((MID(TEXT(L39,"hh:mm:ss"),4,2)+Q38)-CEILING((MID(TEXT(L39,"hh:mm:ss"),4,2)+Q38),15)),CEILING((MID(TEXT(L39,"hh:mm:ss"),4,2)+Q38),15),FLOOR((MID(TEXT(L39,"hh:mm:ss"),4,2)+Q38),15)) -> 1 | T39: =T38-L39 -> -0.023611111 | W39: 45289 | Y39: =IF(M39="O",P39 - AA39,"0:00:00") -> 0:00:00 | Z39: =IF(M39="C",P39,"0:00:00") -> 0:00:00 | AA39: =IF(P39="M",Q39-P39,"0:00:00") -> 0:00:00 | AB39: =SUM(Y39:Z39) -> 0
A40: Semana 5 | L40: =SUM(L35:L39) -> 0.3125 | P40: =SUM(P35:P39) -> 0.3125 | W40: Semana 5
Y42: =SUM(Y7:Y11,Y14:Y18,Y21:Y25,Y28:Y32,Y35:Y39) -> 3.1979167 | Z42: =SUM(Z7:Z11,Z14:Z18,Z21:Z25,Z28:Z32,Z35:Z39) -> 3.15625 | AA42: =SUM(AA7:AA11,AA14:AA18,AA21:AA25,AA28:AA32,AA35:AA39) -> 0 | AB42: =SUM(AB7:AB11,AB14:AB18,AB21:AB25,AB28:AB32,AB35:AB39) -> 6.3541667
A43: Total Mes | L43: =SUM(L33,L26,L19,L12,L40) -> 6.3541667 | P43: =SUM(P12,P19,P26,P33,P40) -> 6.3541667 | V43: =SUM(V7:V42) -> 6.4270833 | AC43: =SUM(AC7:AC42) -> 6.4270833
Y44: =Y42/C47 -> 0.50327869 | Z44: =Z42/C47 -> 0.49672131 | AA44: =AA42/C47 -> 0 | AB44: =SUM(Y44:AA44) -> 1
A46: HORAS TOTAL MES: | C46: =J1*J2 -> 6.3333333
B47: Hechas: | C47: =L43 -> 6.3541667
B48: Faltan: | C48: =IF(C46>C47,C46-C47,"00:00:00") -> 00:00:00
B49: Sobran: | C49: =IF(C47>C46,C47-C46,"00:00:00") -> 0.020833333
B51: Acumuladas Faltan: | C51: 0 | E51: Saldo Faltan: | F51: =IF(C51>C52,C51-C52,"00:00:00") -> 00:00:00
B52: Acumuladas Sobran: | C52: 0 | E52: Saldo Sobran: | F52: =IF(C52>C51,C52-C51,"00:00:00") -> 00:00:00
A53: Vacaciones: | C53: =Horas!H3-Noviembre!J1 -> 0 | D53: Vacaciones Acumuladas: | F53: 0
A54: Puentes Recuperables: | C54: 0 | D54: Puentes Recuperables Acum: | F54: 0
AD55: :

Sheet Diciembre
A1: Empresa: | B1: IZERTIS | E1: Tiempo min comida | F1: 0.020833333 | I1: Dias Mes: | J1: 18
A2: Nombre: | E2: Tiempo desayuno | F2: 0.013888889 | I2: Horas / Día: | J2: 0.33333333
A3: Mes: | B3: 46357 | E3: % R.Domic. | F3: 50 | I3: Días R.Dom: | J3: 8
N4: Teletrabajo tardes MIXTO
A5: Día | B5: ENTRADA | C5: Salida Desay | D5: Entrada Desay | E5: Salida Comida | F5: Entrada Comida | G5: Hora Salida | H5: Hora Entrada | I5: SALIDA | J5: Total Comida | K5: Total Desayuno | L5: Total Día | M5: Ubic | N5: Entrada Comida | O5: SALIDA | T5: =C46 -> 6 | V5: JIRA | W5: Día | Y5: CONTROL TELETRABAJO | AC5: IZERTIA | AD5: IZERTIA/JIRA
Q6: 1 | Y6: OFICINA | Z6: CASA | AA6: MIXTA T. | AB6: Total
P7: =MROUND(L7,"0:15") -> 0 | Q7: =VALUE(MID(TEXT(L7,"hh:mm:ss"),4,2)+Q6)-IF(ABS((MID(TEXT(L7,"hh:mm:ss"),4,2)+Q6)-FLOOR((MID(TEXT(L7,"hh:mm:ss"),4,2)+Q6),15))>ABS((MID(TEXT(L7,"hh:mm:ss"),4,2)+Q6)-CEILING((MID(TEXT(L7,"hh:mm:ss"),4,2)+Q6),15)),CEILING((MID(TEXT(L7,"hh:mm:ss"),4,2)+Q6),15),FLOOR((MID(TEXT(L7,"hh:mm:ss"),4,2)+Q6),15)) -> 1 | T7: =T5-L7 -> 6 | V7: 0 | Y7: =IF(M7="O",P7 - AA7,"0:00:00") -> 0:00:00 | Z7: =IF(M7="C",P7,"0:00:00") -> 0:00:00 | AA7: =IF(P7="M",Q7-P7,"0:00:00") -> 0:00:00 | AB7: =SUM(Y7:Z7) -> 0 | AC7: 0
A8: 46357 | B8: 0.33194444 | C8: 0.54166667 | D8: 0.55416667 | E8: 0.65069444 | F8: 0.66875 | I8: 0.73888889 | J8: =IF((F8-E8)<$F$1,$F$1,F8-E8) -> 0.020833333 | K8: =IF((D8-C8)<=$F$2,0,(D8-C8)-$F$2) -> 0 | L8: =(I8-B8)-K8-(H8-G8)-J8 -> 0.38611111 | M8: C | P8: =MROUND(L8,"0:15") -> 0.38541667 | Q8: =VALUE(MID(TEXT(L8,"hh:mm:ss"),4,2)+Q7)-IF(ABS((MID(TEXT(L8,"hh:mm:ss"),4,2)+Q7)-FLOOR((MID(TEXT(L8,"hh:mm:ss"),4,2)+Q7),15))>ABS((MID(TEXT(L8,"hh:mm:ss"),4,2)+Q7)-CEILING((MID(TEXT(L8,"hh:mm:ss"),4,2)+Q7),15)),CEILING((MID(TEXT(L8,"hh:mm:ss"),4,2)+Q7),15),FLOOR((MID(TEXT(L8,"hh:mm:ss"),4,2)+Q7),15)) -> 2 | T8: =T7-L8 -> 5.6138889 | V8: 0 | Y8: =IF(M8="O",P8 - AA8,"0:00:00") -> 0:00:00 | Z8: =IF(M8="C",P8,"0:00:00") -> 0.38541667 | AA8: 0 | AB8: =SUM(Y8:Z8) -> 0.38541667 | AC8: 0
A9: 46358 | B9: 0.30972222 | C9: 0.49583333 | D9: 0.50902778 | I9: 0.62361111 | J9: 0 | K9: =IF((D9-C9)<=$F$2,0,(D9-C9)-$F$2) -> 0 | L9: =(I9-B9)-K9-(H9-G9)-J9 -> 0.31388889 | M9: O | P9: =MROUND(L9,"0:15") -> 0.3125 | Q9: =VALUE(MID(TEXT(L9,"hh:mm:ss"),4,2)+Q8)-IF(ABS((MID(TEXT(L9,"hh:mm:ss"),4,2)+Q8)-FLOOR((MID(TEXT(L9,"hh:mm:ss"),4,2)+Q8),15))>ABS((MID(TEXT(L9,"hh:mm:ss"),4,2)+Q8)-CEILING((MID(TEXT(L9,"hh:mm:ss"),4,2)+Q8),15)),CEILING((MID(TEXT(L9,"hh:mm:ss"),4,2)+Q8),15),FLOOR((MID(TEXT(L9,"hh:mm:ss"),4,2)+Q8),15)) -> 4 | T9: =T8-L9 -> 5.3 | V9: 0 | Y9: =IF(M9="O",P9 - AA9,"0:00:00") -> 0.3125 | Z9: =IF(M9="C",P9,"0:00:00") -> 0:00:00 | AA9: =IF(P9="M",Q9-P9,"0:00:00") -> 0:00:00 | AB9: =SUM(Y9:Z9) -> 0.3125 | AC9: 0 | AD9: =V9=AC9 -> TRUE
A10: 46359 | B10: 0.30902778 | C10: 0.49027778 | D10: 0.50416667 | I10: 0.63819444 | J10: 0 | K10: =IF((D10-C10)<=$F$2,0,(D10-C10)-$F$2) -> 0 | L10: =(I10-B10)-K10-(H10-G10)-J10 -> 0.32916667 | M10: O | P10: =MROUND(L10,"0:15") -> 0.33333333 | Q10: =VALUE(MID(TEXT(L10,"hh:mm:ss"),4,2)+Q9)-IF(ABS((MID(TEXT(L10,"hh:mm:ss"),4,2)+Q9)-FLOOR((MID(TEXT(L10,"hh:mm:ss"),4,2)+Q9),15))>ABS((MID(TEXT(L10,"hh:mm:ss"),4,2)+Q9)-CEILING((MID(TEXT(L10,"hh:mm:ss"),4,2)+Q9),15)),CEILING((MID(TEXT(L10,"hh:mm:ss"),4,2)+Q9),15),FLOOR((MID(TEXT(L10,"hh:mm:ss"),4,2)+Q9),15)) -> -2 | T10: =T9-L10 -> 4.9708333 | V10: 0.45833333 | Y10: =IF(M10="O",P10 - AA10,"0:00:00") -> 0.33333333 | Z10: =IF(M10="C",P10,"0:00:00") -> 0:00:00 | AA10: =IF(P10="M",Q10-P10,"0:00:00") -> 0:00:00 | AB10: =SUM(Y10:Z10) -> 0.33333333 | AC10: 0.45833333 | AD10: =V10=AC10 -> TRUE
A11: 46360 | B11: 0.30069444 | I11: 0.61944444 | J11: 0 | K11: =IF((D11-C11)<=$F$2,0,(D11-C11)-$F$2) -> 0 | L11: =(I11-B11)-K11-(H11-G11)-J11 -> 0.31875 | M11: C | P11: =MROUND(L11,"0:15") -> 0.32291667 | Q11: =VALUE(MID(TEXT(L11,"hh:mm:ss"),4,2)+Q10)-IF(ABS((MID(TEXT(L11,"hh:mm:ss"),4,2)+Q10)-FLOOR((MID(TEXT(L11,"hh:mm:ss"),4,2)+Q10),15))>ABS((MID(TEXT(L11,"hh:mm:ss"),4,2)+Q10)-CEILING((MID(TEXT(L11,"hh:mm:ss"),4,2)+Q10),15)),CEILING((MID(TEXT(L11,"hh:mm:ss"),4,2)+Q10),15),FLOOR((MID(TEXT(L11,"hh:mm:ss"),4,2)+Q10),15)) -> 7 | T11: =T10-L11 -> 4.6520833 | V11: 0.29166667 | W11: 45261 | Y11: =IF(M11="O",P11 - AA11,"0:00:00") -> 0:00:00 | Z11: =IF(M11="C",P11,"0:00:00") -> 0.32291667 | AA11: =IF(P11="M",Q11-P11,"0:00:00") -> 0:00:00 | AB11: =SUM(Y11:Z11) -> 0.32291667 | AC11: 0.29166667 | AD11: =V11=AC11 -> TRUE
A12: Semana 1 | L12: =SUM(L7:L11) -> 1.3479167 | P12: =SUM(P7:P11) -> 1.3541667 | W12: Semana 1
Q13: =Q11 -> 7
A14: 46363 | P14: =MROUND(L14,"0:15") -> 0 | Q14: =VALUE(MID(TEXT(L14,"hh:mm:ss"),4,2)+Q13)-IF(ABS((MID(TEXT(L14,"hh:mm:ss"),4,2)+Q13)-FLOOR((MID(TEXT(L14,"hh:mm:ss"),4,2)+Q13),15))>ABS((MID(TEXT(L14,"hh:mm:ss"),4,2)+Q13)-CEILING((MID(TEXT(L14,"hh:mm:ss"),4,2)+Q13),15)),CEILING((MID(TEXT(L14,"hh:mm:ss"),4,2)+Q13),15),FLOOR((MID(TEXT(L14,"hh:mm:ss"),4,2)+Q13),15)) -> 7 | T14: =T11-L14 -> 4.6520833 | V14: 0.30208333 | W14: 45264 | Y14: =IF(M14="O",P14 - AA14,"0:00:00") -> 0:00:00 | Z14: =IF(M14="C",P14,"0:00:00") -> 0:00:00 | AA14: =IF(P14="M",Q14-P14,"0:00:00") -> 0:00:00 | AB14: =SUM(Y14:Z14) -> 0 | AC14: 0.30208333 | AD14: =V14=AC14 -> TRUE
A15: 46364 | P15: =MROUND(L15,"0:15") -> 0 | Q15: =VALUE(MID(TEXT(L15,"hh:mm:ss"),4,2)+Q14)-IF(ABS((MID(TEXT(L15,"hh:mm:ss"),4,2)+Q14)-FLOOR((MID(TEXT(L15,"hh:mm:ss"),4,2)+Q14),15))>ABS((MID(TEXT(L15,"hh:mm:ss"),4,2)+Q14)-CEILING((MID(TEXT(L15,"hh:mm:ss"),4,2)+Q14),15)),CEILING((MID(TEXT(L15,"hh:mm:ss"),4,2)+Q14),15),FLOOR((MID(TEXT(L15,"hh:mm:ss"),4,2)+Q14),15)) -> 7 | T15: =T14-L15 -> 4.6520833 | V15: 0.25 | W15: 45265 | Y15: =IF(M15="O",P15 - AA15,"0:00:00") -> 0:00:00 | Z15: =IF(M15="C",P15,"0:00:00") -> 0:00:00 | AA15: =IF(P15="M",Q15-P15,"0:00:00") -> 0:00:00 | AB15: =SUM(Y15:Z15) -> 0 | AC15: 0.25 | AD15: =V15=AC15 -> TRUE
A16: 46365 | B16: 0.30972222 | C16: 0.49583333 | D16: 0.50902778 | I16: 0.62361111 | J16: 0 | K16: =IF((D16-C16)<=$F$2,0,(D16-C16)-$F$2) -> 0 | L16: =(I16-B16)-K16-(H16-G16)-J16 -> 0.31388889 | M16: O | P16: =MROUND(L16,"0:15") -> 0.3125 | Q16: =VALUE(MID(TEXT(L16,"hh:mm:ss"),4,2)+Q15)-IF(ABS((MID(TEXT(L16,"hh:mm:ss"),4,2)+Q15)-FLOOR((MID(TEXT(L16,"hh:mm:ss"),4,2)+Q15),15))>ABS((MID(TEXT(L16,"hh:mm:ss"),4,2)+Q15)-CEILING((MID(TEXT(L16,"hh:mm:ss"),4,2)+Q15),15)),CEILING((MID(TEXT(L16,"hh:mm:ss"),4,2)+Q15),15),FLOOR((MID(TEXT(L16,"hh:mm:ss"),4,2)+Q15),15)) -> -6 | T16: =T15-P16 -> 4.3395833 | V16: 0.23958333 | W16: 45266 | Y16: =IF(M16="O",P16 - AA16,"0:00:00") -> 0.3125 | Z16: =IF(M16="C",P16,"0:00:00") -> 0:00:00 | AA16: =IF(P16="M",Q16-P16,"0:00:00") -> 0:00:00 | AB16: =SUM(Y16:Z16) -> 0.3125 | AC16: 0.23958333 | AD16: =V16=AC16 -> TRUE
A17: 46366 | B17: 0.30902778 | C17: 0.49027778 | D17: 0.50416667 | I17: 0.63819444 | J17: 0 | K17: =IF((D17-C17)<=$F$2,0,(D17-C17)-$F$2) -> 0 | L17: =(I17-B17)-K17-(H17-G17)-J17 -> 0.32916667 | M17: O | P17: =MROUND(L17,"0:15") -> 0.33333333 | Q17: =VALUE(MID(TEXT(L17,"hh:mm:ss"),4,2)+Q16)-IF(ABS((MID(TEXT(L17,"hh:mm:ss"),4,2)+Q16)-FLOOR((MID(TEXT(L17,"hh:mm:ss"),4,2)+Q16),15))>ABS((MID(TEXT(L17,"hh:mm:ss"),4,2)+Q16)-CEILING((MID(TEXT(L17,"hh:mm:ss"),4,2)+Q16),15)),CEILING((MID(TEXT(L17,"hh:mm:ss"),4,2)+Q16),15),FLOOR((MID(TEXT(L17,"hh:mm:ss"),4,2)+Q16),15)) -> 3 | T17: =T16-P17 -> 4.00625 | V17: 0 | W17: 45267 | Y17: =IF(M17="O",P17 - AA17,"0:00:00") -> 0.33333333 | Z17: =IF(M17="C",P17,"0:00:00") -> 0:00:00 | AA17: =IF(P17="M",Q17-P17,"0:00:00") -> 0:00:00 | AB17: =SUM(Y17:Z17) -> 0.33333333 | AC17: 0 | AD17: =V17=AC17 -> TRUE
A18: 46367 | B18: 0.30069444 | I18: 0.61666667 | J18: 0 | K18: =IF((D18-C18)<=$F$2,0,(D18-C18)-$F$2) -> 0 | L18: =(I18-B18)-K18-(H18-G18)-J18 -> 0.31597222 | M18: C | P18: =MROUND(L18,"0:15") -> 0.3125 | Q18: =VALUE(MID(TEXT(L18,"hh:mm:ss"),4,2)+Q17)-IF(ABS((MID(TEXT(L18,"hh:mm:ss"),4,2)+Q17)-FLOOR((MID(TEXT(L18,"hh:mm:ss"),4,2)+Q17),15))>ABS((MID(TEXT(L18,"hh:mm:ss"),4,2)+Q17)-CEILING((MID(TEXT(L18,"hh:mm:ss"),4,2)+Q17),15)),CEILING((MID(TEXT(L18,"hh:mm:ss"),4,2)+Q17),15),FLOOR((MID(TEXT(L18,"hh:mm:ss"),4,2)+Q17),15)) -> -7 | T18: =T17-L18 -> 3.6902778 | V18: 0 | W18: 45268 | Y18: =IF(M18="O",P18 - AA18,"0:00:00") -> 0:00:00 | Z18: =IF(M18="C",P18,"0:00:00") -> 0.3125 | AA18: =IF(P18="M",Q18-P18,"0:00:00") -> 0:00:00 | AB18: =SUM(Y18:Z18) -> 0.3125 | AC18: 0 | AD18: =V18=AC18 -> TRUE
A19: Semana 2 | L19: =SUM(L14:L18) -> 0.95902778 | P19: =SUM(P14:P18) -> 0.95833333 | W19: Semana 2
Q20: =Q18 -> -7
A21: 46370 | B21: 0.30833333 | C21: 0.52291667 | D21: 0.53680556 | I21: 0.62569444 | J21: 0 | K21: =IF((D21-C21)<=$F$2,0,(D21-C21)-$F$2) -> 0 | L21: =(I21-B21)-K21-(H21-G21)-J21 -> 0.31736111 | M21: O | P21: =MROUND(L21,"0:15") -> 0.3125 | Q21: =VALUE(MID(TEXT(L21,"hh:mm:ss"),4,2)+Q20)-IF(ABS((MID(TEXT(L21,"hh:mm:ss"),4,2)+Q20)-FLOOR((MID(TEXT(L21,"hh:mm:ss"),4,2)+Q20),15))>ABS((MID(TEXT(L21,"hh:mm:ss"),4,2)+Q20)-CEILING((MID(TEXT(L21,"hh:mm:ss"),4,2)+Q20),15)),CEILING((MID(TEXT(L21,"hh:mm:ss"),4,2)+Q20),15),FLOOR((MID(TEXT(L21,"hh:mm:ss"),4,2)+Q20),15)) -> 0 | T21: =T18-L21 -> 3.3729167 | V21: 0.36458333 | W21: 45271 | Y21: =IF(M21="O",P21 - AA21,"0:00:00") -> 0.3125 | Z21: =IF(M21="C",P21,"0:00:00") -> 0:00:00 | AA21: =IF(P21="M",Q21-P21,"0:00:00") -> 0:00:00 | AB21: =SUM(Y21:Z21) -> 0.3125 | AC21: 0.36458333 | AD21: =V21=AC21 -> TRUE
A22: 46371 | B22: 0.30972222 | C22: 0.54166667 | D22: 0.55416667 | E22: 0.65069444 | F22: 0.66875 | I22: 0.73888889 | J22: =IF((F22-E22)<$F$1,$F$1,F22-E22) -> 0.020833333 | K22: =IF((D22-C22)<=$F$2,0,(D22-C22)-$F$2) -> 0 | L22: =(I22-B22)-K22-(H22-G22)-J22 -> 0.40833333 | M22: C | P22: =MROUND(L22,"0:15") -> 0.40625 | Q22: =VALUE(MID(TEXT(L22,"hh:mm:ss"),4,2)+Q21)-IF(ABS((MID(TEXT(L22,"hh:mm:ss"),4,2)+Q21)-FLOOR((MID(TEXT(L22,"hh:mm:ss"),4,2)+Q21),15))>ABS((MID(TEXT(L22,"hh:mm:ss"),4,2)+Q21)-CEILING((MID(TEXT(L22,"hh:mm:ss"),4,2)+Q21),15)),CEILING((MID(TEXT(L22,"hh:mm:ss"),4,2)+Q21),15),FLOOR((MID(TEXT(L22,"hh:mm:ss"),4,2)+Q21),15)) -> 3 | T22: =T21-L22 -> 2.9645833 | V22: 0.36458333 | W22: 45272 | Y22: =IF(M22="O",P22 - AA22,"0:00:00") -> 0:00:00 | Z22: =IF(M22="C",P22,"0:00:00") -> 0.40625 | AA22: =IF(P22="M",Q22-P22,"0:00:00") -> 0:00:00 | AB22: =SUM(Y22:Z22) -> 0.40625 | AC22: 0.36458333 | AD22: =V22=AC22 -> TRUE
A23: 46372 | B23: 0.30972222 | C23: 0.49583333 | D23: 0.50902778 | I23: 0.62361111 | J23: 0 | K23: =IF((D23-C23)<=$F$2,0,(D23-C23)-$F$2) -> 0 | L23: =(I23-B23)-K23-(H23-G23)-J23 -> 0.31388889 | M23: O | P23: =MROUND(L23,"0:15") -> 0.3125 | Q23: =VALUE(MID(TEXT(L23,"hh:mm:ss"),4,2)+Q22)-IF(ABS((MID(TEXT(L23,"hh:mm:ss"),4,2)+Q22)-FLOOR((MID(TEXT(L23,"hh:mm:ss"),4,2)+Q22),15))>ABS((MID(TEXT(L23,"hh:mm:ss"),4,2)+Q22)-CEILING((MID(TEXT(L23,"hh:mm:ss"),4,2)+Q22),15)),CEILING((MID(TEXT(L23,"hh:mm:ss"),4,2)+Q22),15),FLOOR((MID(TEXT(L23,"hh:mm:ss"),4,2)+Q22),15)) -> 5 | T23: =T22-L23 -> 2.6506944 | V23: 0.45833333 | W23: 45273 | Y23: =IF(M23="O",P23 - AA23,"0:00:00") -> 0.3125 | Z23: =IF(M23="C",P23,"0:00:00") -> 0:00:00 | AA23: =IF(P23="M",Q23-P23,"0:00:00") -> 0:00:00 | AB23: =SUM(Y23:Z23) -> 0.3125 | AC23: 0.45833333 | AD23: =V23=AC23 -> TRUE
A24: 46373 | B24: 0.30902778 | C24: 0.49027778 | D24: 0.50416667 | I24: 0.63819444 | J24: 0 | K24: =IF((D24-C24)<=$F$2,0,(D24-C24)-$F$2) -> 0 | L24: =(I24-B24)-K24-(H24-G24)-J24 -> 0.32916667 | M24: C | P24: =MROUND(L24,"0:15") -> 0.33333333 | Q24: =VALUE(MID(TEXT(L24,"hh:mm:ss"),4,2)+Q23)-IF(ABS((MID(TEXT(L24,"hh:mm:ss"),4,2)+Q23)-FLOOR((MID(TEXT(L24,"hh:mm:ss"),4,2)+Q23),15))>ABS((MID(TEXT(L24,"hh:mm:ss"),4,2)+Q23)-CEILING((MID(TEXT(L24,"hh:mm:ss"),4,2)+Q23),15)),CEILING((MID(TEXT(L24,"hh:mm:ss"),4,2)+Q23),15),FLOOR((MID(TEXT(L24,"hh:mm:ss"),4,2)+Q23),15)) -> -1 | T24: =T23-L24 -> 2.3215278 | V24: 0.32291667 | W24: 45274 | Y24: =IF(M24="O",P24 - AA24,"0:00:00") -> 0:00:00 | Z24: =IF(M24="C",P24,"0:00:00") -> 0.33333333 | AA24: =IF(P24="M",Q24-P24,"0:00:00") -> 0:00:00 | AB24: =SUM(Y24:Z24) -> 0.33333333 | AC24: 0.32291667 | AD24: =V24=AC24 -> TRUE
A25: 46374 | B25: 0.30069444 | I25: 0.61944444 | J25: 0 | K25: =IF((D25-C25)<=$F$2,0,(D25-C25)-$F$2) -> 0 | L25: =(I25-B25)-K25-(H25-G25)-J25 -> 0.31875 | M25: C | P25: =MROUND(L25,"0:15") -> 0.32291667 | Q25: =VALUE(MID(TEXT(L25,"hh:mm:ss"),4,2)+Q24)-IF(ABS((MID(TEXT(L25,"hh:mm:ss"),4,2)+Q24)-FLOOR((MID(TEXT(L25,"hh:mm:ss"),4,2)+Q24),15))>ABS((MID(TEXT(L25,"hh:mm:ss"),4,2)+Q24)-CEILING((MID(TEXT(L25,"hh:mm:ss"),4,2)+Q24),15)),CEILING((MID(TEXT(L25,"hh:mm:ss"),4,2)+Q24),15),FLOOR((MID(TEXT(L25,"hh:mm:ss"),4,2)+Q24),15)) -> -7 | T25: =T24-L25 -> 2.0027778 | V25: 0.36458333 | W25: 45275 | Y25: =IF(M25="O",P25 - AA25,"0:00:00") -> 0:00:00 | Z25: =IF(M25="C",P25,"0:00:00") -> 0.32291667 | AA25: =IF(P25="M",Q25-P25,"0:00:00") -> 0:00:00 | AB25: =SUM(Y25:Z25) -> 0.32291667 | AC25: 0.36458333 | AD25: =V25=AC25 -> TRUE
A26: Semana 3 | L26: =SUM(L21:L25) -> 1.6875 | P26: =SUM(P21:P25) -> 1.6875 | W26: Semana 3
Q27: =Q25 -> -7
A28: 46377 | B28: 0.30972222 | C28: 0.48402778 | D28: 0.49722222 | I28: 0.63194444 | J28: 0 | K28: =IF((D28-C28)<=$F$2,0,(D28-C28)-$F$2) -> 0 | L28: =(I28-B28)-K28-(H28-G28)-J28 -> 0.32222222 | M28: O | P28: =MROUND(L28,"0:15") -> 0.32291667 | Q28: =VALUE(MID(TEXT(L28,"hh:mm:ss"),4,2)+Q27)-IF(ABS((MID(TEXT(L28,"hh:mm:ss"),4,2)+Q27)-FLOOR((MID(TEXT(L28,"hh:mm:ss"),4,2)+Q27),15))>ABS((MID(TEXT(L28,"hh:mm:ss"),4,2)+Q27)-CEILING((MID(TEXT(L28,"hh:mm:ss"),4,2)+Q27),15)),CEILING((MID(TEXT(L28,"hh:mm:ss"),4,2)+Q27),15),FLOOR((MID(TEXT(L28,"hh:mm:ss"),4,2)+Q27),15)) -> 7 | T28: =T25-L28 -> 1.6805556 | V28: 0.30208333 | W28: 45278 | Y28: =IF(M28="O",P28 - AA28,"0:00:00") -> 0.32291667 | Z28: =IF(M28="C",P28,"0:00:00") -> 0:00:00 | AA28: =IF(P28="M",Q28-P28,"0:00:00") -> 0:00:00 | AB28: =SUM(Y28:Z28) -> 0.32291667 | AC28: 0.30208333 | AD28: =V28=AC28 -> TRUE
A29: 46378 | B29: 0.32013889 | C29: 0.47916667 | D29: 0.49166667 | I29: 0.71875 | J29: =IF((F29-E29)<$F$1,$F$1,F29-E29) -> 0.020833333 | K29: =IF((D29-C29)<=$F$2,0,(D29-C29)-$F$2) -> 0 | L29: =(I29-B29)-K29-(H29-G29)-J29 -> 0.37777778 | M29: C | P29: =MROUND(L29,"0:15") -> 0.375 | Q29: =VALUE(MID(TEXT(L29,"hh:mm:ss"),4,2)+Q28)-IF(ABS((MID(TEXT(L29,"hh:mm:ss"),4,2)+Q28)-FLOOR((MID(TEXT(L29,"hh:mm:ss"),4,2)+Q28),15))>ABS((MID(TEXT(L29,"hh:mm:ss"),4,2)+Q28)-CEILING((MID(TEXT(L29,"hh:mm:ss"),4,2)+Q28),15)),CEILING((MID(TEXT(L29,"hh:mm:ss"),4,2)+Q28),15),FLOOR((MID(TEXT(L29,"hh:mm:ss"),4,2)+Q28),15)) -> -4 | T29: =T28-L29 -> 1.3027778 | V29: 0 | W29: 45279 | Y29: =IF(M29="O",P29 - AA29,"0:00:00") -> 0:00:00 | Z29: =IF(M29="C",P29,"0:00:00") -> 0.375 | AA29: =IF(P29="M",Q29-P29,"0:00:00") -> 0:00:00 | AB29: =SUM(Y29:Z29) -> 0.375 | AC29: 0.21875 | AD29: =V29=AC29 -> FALSE
A30: 46379 | B30: 0.30972222 | C30: 0.475 | D30: 0.4875 | I30: 0.62152778 | J30: 0 | K30: =IF((D30-C30)<=$F$2,0,(D30-C30)-$F$2) -> 0 | L30: =(I30-B30)-K30-(H30-G30)-J30 -> 0.31180556 | M30: O | P30: =MROUND(L30,"0:15") -> 0.3125 | Q30: =VALUE(MID(TEXT(L30,"hh:mm:ss"),4,2)+Q29)-IF(ABS((MID(TEXT(L30,"hh:mm:ss"),4,2)+Q29)-FLOOR((MID(TEXT(L30,"hh:mm:ss"),4,2)+Q29),15))>ABS((MID(TEXT(L30,"hh:mm:ss"),4,2)+Q29)-CEILING((MID(TEXT(L30,"hh:mm:ss"),4,2)+Q29),15)),CEILING((MID(TEXT(L30,"hh:mm:ss"),4,2)+Q29),15),FLOOR((MID(TEXT(L30,"hh:mm:ss"),4,2)+Q29),15)) -> -5 | T30: =T29-L30 -> 0.99097222 | V30: 0.35416667 | W30: 45280 | Y30: =IF(M30="O",P30 - AA30,"0:00:00") -> 0.3125 | Z30: =IF(M30="C",P30,"0:00:00") -> 0:00:00 | AA30: =IF(P30="M",Q30-P30,"0:00:00") -> 0:00:00 | AB30: =SUM(Y30:Z30) -> 0.3125 | AC30: 0.30208333 | AD30: =V30=AC30 -> FALSE
A31: 46380 | P31: =MROUND(L31,"0:15") -> 0 | Q31: =VALUE(MID(TEXT(L31,"hh:mm:ss"),4,2)+Q30)-IF(ABS((MID(TEXT(L31,"hh:mm:ss"),4,2)+Q30)-FLOOR((MID(TEXT(L31,"hh:mm:ss"),4,2)+Q30),15))>ABS((MID(TEXT(L31,"hh:mm:ss"),4,2)+Q30)-CEILING((MID(TEXT(L31,"hh:mm:ss"),4,2)+Q30),15)),CEILING((MID(TEXT(L31,"hh:mm:ss"),4,2)+Q30),15),FLOOR((MID(TEXT(L31,"hh:mm:ss"),4,2)+Q30),15)) -> -5 | T31: =T30-L31 -> 0.99097222 | V31: 0.41666667 | W31: 45281 | Y31: =IF(M31="O",P31 - AA31,"0:00:00") -> 0:00:00 | Z31: =IF(M31="C",P31,"0:00:00") -> 0:00:00 | AA31: =IF(P31="M",Q31-P31,"0:00:00") -> 0:00:00 | AB31: =SUM(Y31:Z31) -> 0 | AC31: 0.30208333 | AD31: =V31=AC31 -> FALSE
A32: 46381 | P32: =MROUND(L32,"0:15") -> 0 | Q32: =VALUE(MID(TEXT(L32,"hh:mm:ss"),4,2)+Q31)-IF(ABS((MID(TEXT(L32,"hh:mm:ss"),4,2)+Q31)-FLOOR((MID(TEXT(L32,"hh:mm:ss"),4,2)+Q31),15))>ABS((MID(TEXT(L32,"hh:mm:ss"),4,2)+Q31)-CEILING((MID(TEXT(L32,"hh:mm:ss"),4,2)+Q31),15)),CEILING((MID(TEXT(L32,"hh:mm:ss"),4,2)+Q31),15),FLOOR((MID(TEXT(L32,"hh:mm:ss"),4,2)+Q31),15)) -> -5 | T32: =T31-L32 -> 0.99097222 | V32: 0.35416667 | W32: 45282 | Y32: =IF(M32="O",P32 - AA32,"0:00:00") -> 0:00:00 | Z32: =IF(M32="C",P32,"0:00:00") -> 0:00:00 | AA32: =IF(P32="M",Q32-P32,"0:00:00") -> 0:00:00 | AB32: =SUM(Y32:Z32) -> 0 | AC32: 0.30208333 | AD32: =V32=AC32 -> FALSE
A33: Semana 4 | L33: =SUM(L28:L32) -> 1.0118056 | P33: =SUM(P28:P32) -> 1.0104167 | W33: Semana 4
Q34: =Q32 -> -5
A35: 46384 | B35: 0.30972222 | C35: 0.48402778 | D35: 0.49722222 | I35: 0.63472222 | J35: 0 | K35: =IF((D35-C35)<=$F$2,0,(D35-C35)-$F$2) -> 0 | L35: =(I35-B35)-K35-(H35-G35)-J35 -> 0.325 | M35: O | P35: =MROUND(L35,"0:15") -> 0.32291667 | Q35: =VALUE(MID(TEXT(L35,"hh:mm:ss"),4,2)+Q34)-IF(ABS((MID(TEXT(L35,"hh:mm:ss"),4,2)+Q34)-FLOOR((MID(TEXT(L35,"hh:mm:ss"),4,2)+Q34),15))>ABS((MID(TEXT(L35,"hh:mm:ss"),4,2)+Q34)-CEILING((MID(TEXT(L35,"hh:mm:ss"),4,2)+Q34),15)),CEILING((MID(TEXT(L35,"hh:mm:ss"),4,2)+Q34),15),FLOOR((MID(TEXT(L35,"hh:mm:ss"),4,2)+Q34),15)) -> -2 | T35: =T32-L35 -> 0.66597222 | V35: 0.33333333 | W35: 45285 | Y35: =IF(M35="O",P35 - AA35,"0:00:00") -> 0.32291667 | Z35: =IF(M35="C",P35,"0:00:00") -> 0:00:00 | AA35: =IF(P35="M",Q35-P35,"0:00:00") -> 0:00:00 | AB35: =SUM(Y35:Z35) -> 0.32291667 | AC35: 0.33333333 | AD35: =V35=AC35 -> TRUE
A36: 46385 | B36: 0.32013889 | C36: 0.47916667 | D36: 0.49166667 | I36: 0.71875 | J36: =IF((F36-E36)<$F$1,$F$1,F36-E36) -> 0.020833333 | K36: =IF((D36-C36)<=$F$2,0,(D36-C36)-$F$2) -> 0 | L36: =(I36-B36)-K36-(H36-G36)-J36 -> 0.37777778 | M36: C | P36: =MROUND(L36,"0:15") -> 0.375 | Q36: =VALUE(MID(TEXT(L36,"hh:mm:ss"),4,2)+Q35)-IF(ABS((MID(TEXT(L36,"hh:mm:ss"),4,2)+Q35)-FLOOR((MID(TEXT(L36,"hh:mm:ss"),4,2)+Q35),15))>ABS((MID(TEXT(L36,"hh:mm:ss"),4,2)+Q35)-CEILING((MID(TEXT(L36,"hh:mm:ss"),4,2)+Q35),15)),CEILING((MID(TEXT(L36,"hh:mm:ss"),4,2)+Q35),15),FLOOR((MID(TEXT(L36,"hh:mm:ss"),4,2)+Q35),15)) -> 2 | T36: =T35-L36 -> 0.28819444 | V36: 0.45833333 | W36: 45286 | Y36: =IF(M36="O",P36 - AA36,"0:00:00") -> 0:00:00 | Z36: =IF(M36="C",P36,"0:00:00") -> 0.375 | AA36: =IF(P36="M",Q36-P36,"0:00:00") -> 0:00:00 | AB36: =SUM(Y36:Z36) -> 0.375 | AC36: 0.45833333 | AD36: =V36=AC36 -> TRUE
A37: 46386 | B37: 0.30972222 | C37: 0.475 | D37: 0.4875 | I37: 0.62152778 | J37: 0 | K37: =IF((D37-C37)<=$F$2,0,(D37-C37)-$F$2) -> 0 | L37: =(I37-B37)-K37-(H37-G37)-J37 -> 0.31180556 | M37: O | P37: =MROUND(L37,"0:15") -> 0.3125 | Q37: =VALUE(MID(TEXT(L37,"hh:mm:ss"),4,2)+Q36)-IF(ABS((MID(TEXT(L37,"hh:mm:ss"),4,2)+Q36)-FLOOR((MID(TEXT(L37,"hh:mm:ss"),4,2)+Q36),15))>ABS((MID(TEXT(L37,"hh:mm:ss"),4,2)+Q36)-CEILING((MID(TEXT(L37,"hh:mm:ss"),4,2)+Q36),15)),CEILING((MID(TEXT(L37,"hh:mm:ss"),4,2)+Q36),15),FLOOR((MID(TEXT(L37,"hh:mm:ss"),4,2)+Q36),15)) -> 1 | T37: =T36-L37 -> -0.023611111 | V37: 0.33333333 | W37: 45287 | Y37: =IF(M37="O",P37 - AA37,"0:00:00") -> 0.3125 | Z37: =IF(M37="C",P37,"0:00:00") -> 0:00:00 | AA37: =IF(P37="M",Q37-P37,"0:00:00") -> 0:00:00 | AB37: =SUM(Y37:Z37) -> 0.3125 | AC37: 0.33333333 | AD37: =V37=AC37 -> TRUE
A38: 46387 | P38: =TIME(MID(TEXT(L38,"hh:mm:ss"),1,2), IF(ABS((MID(TEXT(L38,"hh:mm:ss"),4,2)+Q37)-FLOOR((MID(TEXT(L38,"hh:mm:ss"),4,2)+Q37),15))>=ABS((MID(TEXT(L38,"hh:mm:ss"),4,2)+Q37)-CEILING((MID(TEXT(L38,"hh:mm:ss"),4,2)+Q37),15)),CEILING((MID(TEXT(L38,"hh:mm:ss"),4,2)+Q37),15),FLOOR((MID(TEXT(L38,"hh:mm:ss"),4,2)+Q37),15)), MID(TEXT(L38,"hh:mm:ss"),7,2)) -> 0 | Q38: =VALUE(MID(TEXT(L38,"hh:mm:ss"),4,2)+Q37)-IF(ABS((MID(TEXT(L38,"hh:mm:ss"),4,2)+Q37)-FLOOR((MID(TEXT(L38,"hh:mm:ss"),4,2)+Q37),15))>ABS((MID(TEXT(L38,"hh:mm:ss"),4,2)+Q37)-CEILING((MID(TEXT(L38,"hh:mm:ss"),4,2)+Q37),15)),CEILING((MID(TEXT(L38,"hh:mm:ss"),4,2)+Q37),15),FLOOR((MID(TEXT(L38,"hh:mm:ss"),4,2)+Q37),15)) -> 1 | T38: =T37-L38 -> -0.023611111 | V38: 0.45833333 | W38: 45288 | Y38: =IF(M38="O",P38 - AA38,"0:00:00") -> 0:00:00 | Z38: =IF(M38="C",P38,"0:00:00") -> 0:00:00 | AA38: =IF(P38="M",Q38-P38,"0:00:00") -> 0:00:00 | AB38: =SUM(Y38:Z38) -> 0 | AC38: 0.45833333 | AD38: =V38=AC38 -> TRUE
P39: =TIME(MID(TEXT(L39,"hh:mm:ss"),1,2), IF(ABS((MID(TEXT(L39,"hh:mm:ss"),4,2)+Q38)-FLOOR((MID(TEXT(L39,"hh:mm:ss"),4,2)+Q38),15))>=ABS((MID(TEXT(L39,"hh:mm:ss"),4,2)+Q38)-CEILING((MID(TEXT(L39,"hh:mm:ss"),4,2)+Q38),15)),CEILING((MID(TEXT(L39,"hh:mm:ss"),4,2)+Q38),15),FLOOR((MID(TEXT(L39,"hh:mm:ss"),4,2)+Q38),15)), MID(TEXT(L39,"hh:mm:ss"),7,2)) -> 0 | Q39: =VALUE(MID(TEXT(L39,"hh:mm:ss"),4,2)+Q38)-IF(ABS((MID(TEXT(L39,"hh:mm:ss"),4,2)+Q38)-FLOOR((MID(TEXT(L39,"hh:mm:ss"),4,2)+Q38),15))>ABS((MID(TEXT(L39,"hh:mm:ss"),4,2)+Q38)-CEILING((MID(TEXT(L39,"hh:mm:ss"),4,2)+Q38),15)),CEILING((MID(TEXT(L39,"hh:mm:ss"),4,2)+Q38),15),FLOOR((MID(TEXT(L39,"hh:mm:ss"),4,2)+Q38),15)) -> 1 | T39: =T38-L39 -> -0.023611111 | W39: 45289 | Y39: =IF(M39="O",P39 - AA39,"0:00:00") -> 0:00:00 | Z39: =IF(M39="C",P39,"0:00:00") -> 0:00:00 | AA39: =IF(P39="M",Q39-P39,"0:00:00") -> 0:00:00 | AB39: =SUM(Y39:Z39) -> 0
A40: Semana 5 | L40: =SUM(L35:L39) -> 1.0145833 | P40: =SUM(P35:P39) -> 1.0104167 | W40: Semana 5
Y42: =SUM(Y7:Y11,Y14:Y18,Y21:Y25,Y28:Y32,Y35:Y39) -> 3.1875 | Z42: =SUM(Z7:Z11,Z14:Z18,Z21:Z25,Z28:Z32,Z35:Z39) -> 2.8333333 | AA42: =SUM(AA7:AA11,AA14:AA18,AA21:AA25,AA28:AA32,AA35:AA39) -> 0 | AB42: =SUM(AB7:AB11,AB14:AB18,AB21:AB25,AB28:AB32,AB35:AB39) -> 6.0208333
A43: Total Mes | L43: =SUM(L33,L26,L19,L12,L40) -> 6.0208333 | P43: =SUM(P12,P19,P26,P33,P40) -> 6.0208333 | V43: =SUM(V7:V42) -> 6.4270833 | AC43: =SUM(AC7:AC42) -> 6.4270833
Y44: =Y42/C47 -> 0.52941176 | Z44: =Z42/C47 -> 0.47058824 | AA44: =AA42/C47 -> 0 | AB44: =SUM(Y44:AA44) -> 1
A46: HORAS TOTAL MES: | C46: =J1*J2 -> 6
B47: Hechas: | C47: =L43 -> 6.0208333
B48: Faltan: | C48: =IF(C46>C47,C46-C47,"00:00:00") -> 00:00:00
B49: Sobran: | C49: =IF(C47>C46,C47-C46,"00:00:00") -> 0.020833333
B51: Acumuladas Faltan: | C51: 0 | E51: Saldo Faltan: | F51: =IF(C51>C52,C51-C52,"00:00:00") -> 00:00:00
B52: Acumuladas Sobran: | C52: 0 | E52: Saldo Sobran: | F52: =IF(C52>C51,C52-C51,"00:00:00") -> 00:00:00
A53: Vacaciones: | C53: =Horas!I3-Diciembre!J1 -> 0 | D53: Vacaciones Acumuladas: | F53: 0
A54: Puentes Recuperables: | C54: 0 | D54: Puentes Recuperables Acum: | F54: 0
AD55: :

Sheet Enero
A1: Empresa: | B1: IZERTIS | E1: Tiempo min comida | F1: 0.020833333 | I1: Dias Mes: | J1: 19
A2: Nombre: | E2: Tiempo desayuno | F2: 0.013888889 | I2: Horas / Día: | J2: 0.33333333
A3: Mes: | B3: 46388 | E3: % R.Domic. | F3: 50 | I3: Días R.Dom: | J3: 8
N4: Teletrabajo tardes MIXTO
A5: Día | B5: ENTRADA | C5: Salida Desay | D5: Entrada Desay | E5: Salida Comida | F5: Entrada Comida | G5: Hora Salida | H5: Hora Entrada | I5: SALIDA | J5: Total Comida | K5: Total Desayuno | L5: Total Día | M5: Ubic | N5: Entrada Comida | O5: SALIDA | T5: =C46 -> 6.3333333 | V5: JIRA | W5: Día | Y5: CONTROL TELETRABAJO | AC5: IZERTIA | AD5: IZERTIA/JIRA
Q6: 1 | Y6: OFICINA | Z6: CASA | AA6: MIXTA T. | AB6: Total
P7: =MROUND(L7,"0:15") -> 0 | Q7: =VALUE(MID(TEXT(L7,"hh:mm:ss"),4,2)+Q6)-IF(ABS((MID(TEXT(L7,"hh:mm:ss"),4,2)+Q6)-FLOOR((MID(TEXT(L7,"hh:mm:ss"),4,2)+Q6),15))>ABS((MID(TEXT(L7,"hh:mm:ss"),4,2)+Q6)-CEILING((MID(TEXT(L7,"hh:mm:ss"),4,2)+Q6),15)),CEILING((MID(TEXT(L7,"hh:mm:ss"),4,2)+Q6),15),FLOOR((MID(TEXT(L7,"hh:mm:ss"),4,2)+Q6),15)) -> 1 | T7: =T5-L7 -> 6.3333333 | V7: 0 | Y7: =IF(O7="O",V7 - AA7,"0:00:00") -> 0:00:00 | Z7: =IF(M7="C",P7,"0:00:00") -> 0:00:00 | AA7: =IF(P7="M",Q7-P7,"0:00:00") -> 0:00:00 | AB7: =SUM(Y7:Z7) -> 0 | AC7: 0
P8: =MROUND(L8,"0:15") -> 0 | Q8: =VALUE(MID(TEXT(L8,"hh:mm:ss"),4,2)+Q7)-IF(ABS((MID(TEXT(L8,"hh:mm:ss"),4,2)+Q7)-FLOOR((MID(TEXT(L8,"hh:mm:ss"),4,2)+Q7),15))>ABS((MID(TEXT(L8,"hh:mm:ss"),4,2)+Q7)-CEILING((MID(TEXT(L8,"hh:mm:ss"),4,2)+Q7),15)),CEILING((MID(TEXT(L8,"hh:mm:ss"),4,2)+Q7),15),FLOOR((MID(TEXT(L8,"hh:mm:ss"),4,2)+Q7),15)) -> 1 | T8: =T7-L8 -> 6.3333333 | V8: 0 | Y8: =IF(M8="O",P8 - AA8,"0:00:00") -> 0:00:00 | Z8: =IF(M8="C",P8,"0:00:00") -> 0:00:00 | AA8: 0 | AB8: =SUM(Y8:Z8) -> 0 | AC8: 0
P9: =MROUND(L9,"0:15") -> 0 | Q9: =VALUE(MID(TEXT(L9,"hh:mm:ss"),4,2)+Q8)-IF(ABS((MID(TEXT(L9,"hh:mm:ss"),4,2)+Q8)-FLOOR((MID(TEXT(L9,"hh:mm:ss"),4,2)+Q8),15))>ABS((MID(TEXT(L9,"hh:mm:ss"),4,2)+Q8)-CEILING((MID(TEXT(L9,"hh:mm:ss"),4,2)+Q8),15)),CEILING((MID(TEXT(L9,"hh:mm:ss"),4,2)+Q8),15),FLOOR((MID(TEXT(L9,"hh:mm:ss"),4,2)+Q8),15)) -> 1 | T9: =T8-L9 -> 6.3333333 | V9: 0 | Y9: =IF(M9="O",P9 - AA9,"0:00:00") -> 0:00:00 | Z9: =IF(M9="C",P9,"0:00:00") -> 0:00:00 | AA9: =IF(P9="M",Q9-P9,"0:00:00") -> 0:00:00 | AB9: =SUM(Y9:Z9) -> 0 | AC9: 0 | AD9: =V9=AC9 -> TRUE
P10: =MROUND(L10,"0:15") -> 0 | Q10: =VALUE(MID(TEXT(L10,"hh:mm:ss"),4,2)+Q9)-IF(ABS((MID(TEXT(L10,"hh:mm:ss"),4,2)+Q9)-FLOOR((MID(TEXT(L10,"hh:mm:ss"),4,2)+Q9),15))>ABS((MID(TEXT(L10,"hh:mm:ss"),4,2)+Q9)-CEILING((MID(TEXT(L10,"hh:mm:ss"),4,2)+Q9),15)),CEILING((MID(TEXT(L10,"hh:mm:ss"),4,2)+Q9),15),FLOOR((MID(TEXT(L10,"hh:mm:ss"),4,2)+Q9),15)) -> 1 | T10: =T9-L10 -> 6.3333333 | V10: 0.45833333 | Y10: =IF(M10="O",P10 - AA10,"0:00:00") -> 0:00:00 | Z10: =IF(M10="C",P10,"0:00:00") -> 0:00:00 | AA10: =IF(P10="M",Q10-P10,"0:00:00") -> 0:00:00 | AB10: =SUM(Y10:Z10) -> 0 | AC10: 0.45833333 | AD10: =V10=AC10 -> TRUE
A11: 46388 | J11: 0 | K11: =IF((D11-C11)<=$F$2,0,(D11-C11)-$F$2) -> 0 | L11: =(I11-B11)-K11-(H11-G11)-J11 -> 0 | M11: O | P11: =MROUND(L11,"0:15") -> 0 | Q11: =VALUE(MID(TEXT(L11,"hh:mm:ss"),4,2)+Q10)-IF(ABS((MID(TEXT(L11,"hh:mm:ss"),4,2)+Q10)-FLOOR((MID(TEXT(L11,"hh:mm:ss"),4,2)+Q10),15))>ABS((MID(TEXT(L11,"hh:mm:ss"),4,2)+Q10)-CEILING((MID(TEXT(L11,"hh:mm:ss"),4,2)+Q10),15)),CEILING((MID(TEXT(L11,"hh:mm:ss"),4,2)+Q10),15),FLOOR((MID(TEXT(L11,"hh:mm:ss"),4,2)+Q10),15)) -> 1 | T11: =T10-L11 -> 6.3333333 | V11: 0.29166667 | W11: 45261 | Y11: =IF(M11="O",P11 - AA11,"0:00:00") -> 0 | Z11: =IF(M11="C",P11,"0:00:00") -> 0:00:00 | AA11: =IF(P11="M",Q11-P11,"0:00:00") -> 0:00:00 | AB11: =SUM(Y11:Z11) -> 0 | AC11: 0.29166667 | AD11: =V11=AC11 -> TRUE
A12: Semana 1 | L12: =SUM(L7:L11) -> 0 | P12: =SUM(P7:P11) -> 0 | W12: Semana 1
Q13: =Q11 -> 1
A14: 46391 | B14: 0.3 | C14: 0.47430556 | D14: 0.48194444 | I14: 0.62222222 | J14: 0 | K14: =IF((D14-C14)<=$F$2,0,(D14-C14)-$F$2) -> 0 | L14: =(I14-B14)-K14-(H14-G14)-J14 -> 0.32222222 | M14: O | P14: =MROUND(L14,"0:15") -> 0.32291667 | Q14: =VALUE(MID(TEXT(L14,"hh:mm:ss"),4,2)+Q13)-IF(ABS((MID(TEXT(L14,"hh:mm:ss"),4,2)+Q13)-FLOOR((MID(TEXT(L14,"hh:mm:ss"),4,2)+Q13),15))>ABS((MID(TEXT(L14,"hh:mm:ss"),4,2)+Q13)-CEILING((MID(TEXT(L14,"hh:mm:ss"),4,2)+Q13),15)),CEILING((MID(TEXT(L14,"hh:mm:ss"),4,2)+Q13),15),FLOOR((MID(TEXT(L14,"hh:mm:ss"),4,2)+Q13),15)) -> 0 | T14: =T11-L14 -> 6.0111111 | V14: 0.30208333 | W14: 45264 | Y14: =IF(M14="O",P14 - AA14,"0:00:00") -> 0.32291667 | Z14: =IF(M14="C",P14,"0:00:00") -> 0:00:00 | AA14: =IF(P14="M",Q14-P14,"0:00:00") -> 0:00:00 | AB14: =SUM(Y14:Z14) -> 0.32291667 | AC14: 0.30208333 | AD14: =V14=AC14 -> TRUE
A15: 46392 | B15: 0.33125 | C15: 0.51527778 | D15: 0.52916667 | E15: 0.63541667 | F15: 0.65625 | I15: 0.72708333 | J15: =IF((F15-E15)<$F$1,$F$1,F15-E15) -> 0.020833333 | K15: =IF((D15-C15)<=$F$2,0,(D15-C15)-$F$2) -> 0 | L15: =(I15-B15)-K15-(H15-G15)-J15 -> 0.375 | M15: O | P15: =MROUND(L15,"0:15") -> 0.375 | Q15: =VALUE(MID(TEXT(L15,"hh:mm:ss"),4,2)+Q14)-IF(ABS((MID(TEXT(L15,"hh:mm:ss"),4,2)+Q14)-FLOOR((MID(TEXT(L15,"hh:mm:ss"),4,2)+Q14),15))>ABS((MID(TEXT(L15,"hh:mm:ss"),4,2)+Q14)-CEILING((MID(TEXT(L15,"hh:mm:ss"),4,2)+Q14),15)),CEILING((MID(TEXT(L15,"hh:mm:ss"),4,2)+Q14),15),FLOOR((MID(TEXT(L15,"hh:mm:ss"),4,2)+Q14),15)) -> 0 | T15: =T14-L15 -> 5.6361111 | V15: 0.25 | W15: 45265 | Y15: =IF(M15="O",P15 - AA15,"0:00:00") -> 0.375 | Z15: =IF(M15="C",P15,"0:00:00") -> 0:00:00 | AA15: =IF(P15="M",Q15-P15,"0:00:00") -> 0:00:00 | AB15: =SUM(Y15:Z15) -> 0.375 | AC15: 0.25 | AD15: =V15=AC15 -> TRUE
A16: 46393 | J16: 0 | K16: =IF((D16-C16)<=$F$2,0,(D16-C16)-$F$2) -> 0 | L16: =(I16-B16)-K16-(H16-G16)-J16 -> 0 | M16: O | P16: =MROUND(L16,"0:15") -> 0 | Q16: =VALUE(MID(TEXT(L16,"hh:mm:ss"),4,2)+Q15)-IF(ABS((MID(TEXT(L16,"hh:mm:ss"),4,2)+Q15)-FLOOR((MID(TEXT(L16,"hh:mm:ss"),4,2)+Q15),15))>ABS((MID(TEXT(L16,"hh:mm:ss"),4,2)+Q15)-CEILING((MID(TEXT(L16,"hh:mm:ss"),4,2)+Q15),15)),CEILING((MID(TEXT(L16,"hh:mm:ss"),4,2)+Q15),15),FLOOR((MID(TEXT(L16,"hh:mm:ss"),4,2)+Q15),15)) -> 0 | T16: =T15-P16 -> 5.6361111 | V16: 0.23958333 | W16: 45266 | Y16: =IF(M16="O",P16 - AA16,"0:00:00") -> 0 | Z16: =IF(M16="C",P16,"0:00:00") -> 0:00:00 | AA16: =IF(P16="M",Q16-P16,"0:00:00") -> 0:00:00 | AB16: =SUM(Y16:Z16) -> 0 | AC16: 0.23958333 | AD16: =V16=AC16 -> TRUE
A17: 46394 | B17: 0.3 | C17: 0.54097222 | D17: 0.55486111 | I17: 0.61527778 | J17: 0 | K17: =IF((D17-C17)<=$F$2,0,(D17-C17)-$F$2) -> 6.2450045e-17 | L17: =(I17-B17)-K17-(H17-G17)-J17 -> 0.31527778 | M17: C | P17: =MROUND(L17,"0:15") -> 0.3125 | Q17: =VALUE(MID(TEXT(L17,"hh:mm:ss"),4,2)+Q16)-IF(ABS((MID(TEXT(L17,"hh:mm:ss"),4,2)+Q16)-FLOOR((MID(TEXT(L17,"hh:mm:ss"),4,2)+Q16),15))>ABS((MID(TEXT(L17,"hh:mm:ss"),4,2)+Q16)-CEILING((MID(TEXT(L17,"hh:mm:ss"),4,2)+Q16),15)),CEILING((MID(TEXT(L17,"hh:mm:ss"),4,2)+Q16),15),FLOOR((MID(TEXT(L17,"hh:mm:ss"),4,2)+Q16),15)) -> 4 | T17: =T16-P17 -> 5.3236111 | V17: 0 | W17: 45267 | Y17: =IF(M17="O",P17 - AA17,"0:00:00") -> 0:00:00 | Z17: =IF(M17="C",P17,"0:00:00") -> 0.3125 | AA17: =IF(P17="M",Q17-P17,"0:00:00") -> 0:00:00 | AB17: =SUM(Y17:Z17) -> 0.3125 | AC17: 0 | AD17: =V17=AC17 -> TRUE
A18: 46395 | B18: 0.31041667 | I18: 0.63333333 | J18: 0 | K18: =IF((D18-C18)<=$F$2,0,(D18-C18)-$F$2) -> 0 | L18: =(I18-B18)-K18-(H18-G18)-J18 -> 0.32291667 | M18: C | P18: =MROUND(L18,"0:15") -> 0.32291667 | Q18: =VALUE(MID(TEXT(L18,"hh:mm:ss"),4,2)+Q17)-IF(ABS((MID(TEXT(L18,"hh:mm:ss"),4,2)+Q17)-FLOOR((MID(TEXT(L18,"hh:mm:ss"),4,2)+Q17),15))>ABS((MID(TEXT(L18,"hh:mm:ss"),4,2)+Q17)-CEILING((MID(TEXT(L18,"hh:mm:ss"),4,2)+Q17),15)),CEILING((MID(TEXT(L18,"hh:mm:ss"),4,2)+Q17),15),FLOOR((MID(TEXT(L18,"hh:mm:ss"),4,2)+Q17),15)) -> 4 | T18: =T17-L18 -> 5.0006944 | V18: 0 | W18: 45268 | Y18: =IF(M18="O",P18 - AA18,"0:00:00") -> 0:00:00 | Z18: =IF(M18="C",P18,"0:00:00") -> 0.32291667 | AA18: =IF(P18="M",Q18-P18,"0:00:00") -> 0:00:00 | AB18: =SUM(Y18:Z18) -> 0.32291667 | AC18: 0 | AD18: =V18=AC18 -> TRUE
A19: Semana 2 | L19: =SUM(L14:L18) -> 1.3354167 | P19: =SUM(P14:P18) -> 1.3333333 | W19: Semana 2
Q20: =Q18 -> 4
A21: 46398 | B21: 0.30833333 | C21: 0.52291667 | D21: 0.53680556 | I21: 0.62708333 | J21: 0 | K21: =IF((D21-C21)<=$F$2,0,(D21-C21)-$F$2) -> 0 | L21: =(I21-B21)-K21-(H21-G21)-J21 -> 0.31875 | M21: O | P21: =MROUND(L21,"0:15") -> 0.32291667 | Q21: =VALUE(MID(TEXT(L21,"hh:mm:ss"),4,2)+Q20)-IF(ABS((MID(TEXT(L21,"hh:mm:ss"),4,2)+Q20)-FLOOR((MID(TEXT(L21,"hh:mm:ss"),4,2)+Q20),15))>ABS((MID(TEXT(L21,"hh:mm:ss"),4,2)+Q20)-CEILING((MID(TEXT(L21,"hh:mm:ss"),4,2)+Q20),15)),CEILING((MID(TEXT(L21,"hh:mm:ss"),4,2)+Q20),15),FLOOR((MID(TEXT(L21,"hh:mm:ss"),4,2)+Q20),15)) -> -2 | T21: =T18-L21 -> 4.6819444 | V21: 0.36458333 | W21: 45271 | Y21: =IF(M21="O",P21 - AA21,"0:00:00") -> 0.32291667 | Z21: =IF(M21="C",P21,"0:00:00") -> 0:00:00 | AA21: =IF(P21="M",Q21-P21,"0:00:00") -> 0:00:00 | AB21: =SUM(Y21:Z21) -> 0.32291667 | AC21: 0.36458333 | AD21: =V21=AC21 -> TRUE
A22: 46399 | B22: 0.33194444 | C22: 0.54166667 | D22: 0.55416667 | E22: 0.65069444 | F22: 0.66875 | I22: 0.73958333 | J22: =IF((F22-E22)<$F$1,$F$1,F22-E22) -> 0.020833333 | K22: =IF((D22-C22)<=$F$2,0,(D22-C22)-$F$2) -> 0 | L22: =(I22-B22)-K22-(H22-G22)-J22 -> 0.38680556 | M22: C | P22: =MROUND(L22,"0:15") -> 0.38541667 | Q22: =VALUE(MID(TEXT(L22,"hh:mm:ss"),4,2)+Q21)-IF(ABS((MID(TEXT(L22,"hh:mm:ss"),4,2)+Q21)-FLOOR((MID(TEXT(L22,"hh:mm:ss"),4,2)+Q21),15))>ABS((MID(TEXT(L22,"hh:mm:ss"),4,2)+Q21)-CEILING((MID(TEXT(L22,"hh:mm:ss"),4,2)+Q21),15)),CEILING((MID(TEXT(L22,"hh:mm:ss"),4,2)+Q21),15),FLOOR((MID(TEXT(L22,"hh:mm:ss"),4,2)+Q21),15)) -> 0 | T22: =T21-L22 -> 4.2951389 | V22: 0.36458333 | W22: 45272 | Y22: =IF(M22="O",P22 - AA22,"0:00:00") -> 0:00:00 | Z22: =IF(M22="C",P22,"0:00:00") -> 0.38541667 | AA22: =IF(P22="M",Q22-P22,"0:00:00") -> 0:00:00 | AB22: =SUM(Y22:Z22) -> 0.38541667 | AC22: 0.36458333 | AD22: =V22=AC22 -> TRUE
A23: 46400 | B23: 0.30972222 | C23: 0.49583333 | D23: 0.50902778 | I23: 0.62361111 | J23: 0 | K23: =IF((D23-C23)<=$F$2,0,(D23-C23)-$F$2) -> 0 | L23: =(I23-B23)-K23-(H23-G23)-J23 -> 0.31388889 | M23: O | P23: =MROUND(L23,"0:15") -> 0.3125 | Q23: =VALUE(MID(TEXT(L23,"hh:mm:ss"),4,2)+Q22)-IF(ABS((MID(TEXT(L23,"hh:mm:ss"),4,2)+Q22)-FLOOR((MID(TEXT(L23,"hh:mm:ss"),4,2)+Q22),15))>ABS((MID(TEXT(L23,"hh:mm:ss"),4,2)+Q22)-CEILING((MID(TEXT(L23,"hh:mm:ss"),4,2)+Q22),15)),CEILING((MID(TEXT(L23,"hh:mm:ss"),4,2)+Q22),15),FLOOR((MID(TEXT(L23,"hh:mm:ss"),4,2)+Q22),15)) -> 2 | T23: =T22-L23 -> 3.98125 | V23: 0.45833333 | W23: 45273 | Y23: =IF(M23="O",P23 - AA23,"0:00:00") -> 0.3125 | Z23: =IF(M23="C",P23,"0:00:00") -> 0:00:00 | AA23: =IF(P23="M",Q23-P23,"0:00:00") -> 0:00:00 | AB23: =SUM(Y23:Z23) -> 0.3125 | AC23: 0.45833333 | AD23: =V23=AC23 -> TRUE
A24: 46401 | B24: 0.30902778 | C24: 0.49027778 | D24: 0.50416667 | I24: 0.63819444 | J24: 0 | K24: =IF((D24-C24)<=$F$2,0,(D24-C24)-$F$2) -> 0 | L24: =(I24-B24)-K24-(H24-G24)-J24 -> 0.32916667 | M24: O | P24: =MROUND(L24,"0:15") -> 0.33333333 | Q24: =VALUE(MID(TEXT(L24,"hh:mm:ss"),4,2)+Q23)-IF(ABS((MID(TEXT(L24,"hh:mm:ss"),4,2)+Q23)-FLOOR((MID(TEXT(L24,"hh:mm:ss"),4,2)+Q23),15))>ABS((MID(TEXT(L24,"hh:mm:ss"),4,2)+Q23)-CEILING((MID(TEXT(L24,"hh:mm:ss"),4,2)+Q23),15)),CEILING((MID(TEXT(L24,"hh:mm:ss"),4,2)+Q23),15),FLOOR((MID(TEXT(L24,"hh:mm:ss"),4,2)+Q23),15)) -> -4 | T24: =T23-L24 -> 3.6520833 | V24: 0.32291667 | W24: 45274 | Y24: =IF(M24="O",P24 - AA24,"0:00:00") -> 0.33333333 | Z24: =IF(M24="C",P24,"0:00:00") -> 0:00:00 | AA24: =IF(P24="M",Q24-P24,"0:00:00") -> 0:00:00 | AB24: =SUM(Y24:Z24) -> 0.33333333 | AC24: 0.32291667 | AD24: =V24=AC24 -> TRUE
A25: 46402 | B25: 0.30069444 | I25: 0.61666667 | J25: 0 | K25: =IF((D25-C25)<=$F$2,0,(D25-C25)-$F$2) -> 0 | L25: =(I25-B25)-K25-(H25-G25)-J25 -> 0.31597222 | M25: C | P25: =MROUND(L25,"0:15") -> 0.3125 | Q25: =VALUE(MID(TEXT(L25,"hh:mm:ss"),4,2)+Q24)-IF(ABS((MID(TEXT(L25,"hh:mm:ss"),4,2)+Q24)-FLOOR((MID(TEXT(L25,"hh:mm:ss"),4,2)+Q24),15))>ABS((MID(TEXT(L25,"hh:mm:ss"),4,2)+Q24)-CEILING((MID(TEXT(L25,"hh:mm:ss"),4,2)+Q24),15)),CEILING((MID(TEXT(L25,"hh:mm:ss"),4,2)+Q24),15),FLOOR((MID(TEXT(L25,"hh:mm:ss"),4,2)+Q24),15)) -> 1 | T25: =T24-L25 -> 3.3361111 | V25: 0.36458333 | W25: 45275 | Y25: =IF(M25="O",P25 - AA25,"0:00:00") -> 0:00:00 | Z25: =IF(M25="C",P25,"0:00:00") -> 0.3125 | AA25: =IF(P25="M",Q25-P25,"0:00:00") -> 0:00:00 | AB25: =SUM(Y25:Z25) -> 0.3125 | AC25: 0.36458333 | AD25: =V25=AC25 -> TRUE
A26: Semana 3 | L26: =SUM(L21:L25) -> 1.6645833 | P26: =SUM(P21:P25) -> 1.6666667 | W26: Semana 3
Q27: =Q25 -> 1
